event,start_date_event,end_date_event,lokasi,h3_10
pekan raya jakarta,2024-06-12,2024-07-14,ji expo,8a8c106b4d67fff
pekan raya jakarta,2024-06-12,2024-07-14,ji expo,8a8c1079a6dffff
pekan raya jakarta,2024-06-12,2024-07-14,ji expo,8a8c106b4d77fff
pekan raya jakarta,2024-06-12,2024-07-14,ji expo,8a8c106b4d2ffff
pekan raya jakarta,2024-06-12,2024-07-14,ji expo,8a8c106b4d0ffff
pekan raya jakarta,2024-06-12,2024-07-14,ji expo,8a8c106b4d27fff
pekan raya jakarta,2024-06-12,2024-07-14,ji expo,8a8c106b4d07fff
pekan raya jakarta,2024-06-12,2024-07-14,ji expo,8a8c106b4d1ffff
pekan raya jakarta,2024-06-12,2024-07-14,ji expo,8a8c106b4c27fff
pekan raya jakarta,2024-06-12,2024-07-14,ji expo,8a8c106b4c37fff
pekan raya jakarta,2024-06-12,2024-07-14,ji expo,8a8c1079a69ffff
pekan raya jakarta,2024-06-12,2024-07-14,ji expo,8a8c106b4d37fff
pekan raya jakarta,2024-06-12,2024-07-14,ji expo,8a8c106b4d17fff
pekan raya jakarta,2024-06-12,2024-07-14,ji expo,8a8c106b4daffff
pekan raya jakarta,2024-06-12,2024-07-14,ji expo,8a8c106b4d8ffff
pekan raya jakarta,2024-06-12,2024-07-14,ji expo,8a8c106b4d87fff
pekan raya jakarta,2024-06-12,2024-07-14,ji expo,8a8c106b4da7fff
pekan raya jakarta,2024-06-12,2024-07-14,ji expo,8a8c12b69a4ffff
pekan raya jakarta,2024-06-12,2024-07-14,ji expo,8a8c12b69a6ffff
pekan raya jakarta,2024-06-12,2024-07-14,ji expo,8a8c12b69a67fff
pekan raya jakarta,2024-06-12,2024-07-14,ji expo,8a8c12b69a47fff
pekan raya jakarta,2024-06-12,2024-07-14,ji expo,8a8c12b69a57fff
pekan raya jakarta,2024-06-12,2024-07-14,ji expo,8a8c12b69a5ffff
pekan raya jakarta,2024-06-12,2024-07-14,ji expo,8a8c12b69aeffff
pekan raya jakarta,2024-06-12,2024-07-14,ji expo,8a8c106b4db7fff
pekan raya jakarta,2024-06-12,2024-07-14,ji expo,8a8c12b69acffff
pekan raya jakarta,2024-06-12,2024-07-14,ji expo,8a8c106b4d97fff
pekan raya jakarta,2024-06-12,2024-07-14,ji expo,8a8c106b4d9ffff
pekan raya jakarta,2024-06-12,2024-07-14,ji expo,8a8c12b6936ffff
pekan raya jakarta,2024-06-12,2024-07-14,ji expo,8a8c12b69367fff
konser bruno mars,2024-09-11,2024-09-14,jis,8a8c12b6bbaffff
konser bruno mars,2024-09-11,2024-09-14,jis,8a8c12b6ba37fff
konser bruno mars,2024-09-11,2024-09-14,jis,8a8c12b6bb8ffff
konser bruno mars,2024-09-11,2024-09-14,jis,8a8c12b6bb8ffff
konser bruno mars,2024-09-11,2024-09-14,jis,8a8c12b6bba7fff
konser bruno mars,2024-09-11,2024-09-14,jis,8a8c12b6bba7fff
konser bruno mars,2024-09-11,2024-09-14,jis,8a8c12b6bb1ffff
konser bruno mars,2024-09-11,2024-09-14,jis,8a8c12b6ba27fff
konser bruno mars,2024-09-11,2024-09-14,jis,8a8c12b6ba17fff
konser bruno mars,2024-09-11,2024-09-14,jis,8a8c12b6ba07fff
konser bruno mars,2024-09-11,2024-09-14,jis,8a8c12b6bb0ffff
konser bruno mars,2024-09-11,2024-09-14,jis,8a8c12b6b84ffff
konser bruno mars,2024-09-11,2024-09-14,jis,8a8c12b6b85ffff
konser bruno mars,2024-09-11,2024-09-14,jis,8a8c12b6bbb7fff
konser bruno mars,2024-09-11,2024-09-14,jis,8a8c12b6b8cffff
konser bruno mars,2024-09-11,2024-09-14,jis,8a8c12b6b8effff
