id,poi,category,nmprov,kdprov,nmkab,kdkab,h3_10
p001,Kawasan Blok M,tourist attraction,DKI JAKARTA,31,JAKARTA SELATAN,71,8a8c1078d7b7fff
p001,Kawasan Blok M,tourist attraction,DKI JAKARTA,31,JAKARTA SELATAN,71,8a8c1078d617fff
p001,Kawasan Blok M,tourist attraction,DKI JAKARTA,31,JAKARTA SELATAN,71,8a8c1078d717fff
p001,Kawasan Blok M,tourist attraction,DKI JAKARTA,31,JAKARTA SELATAN,71,8a8c1078d44ffff
p001,Kawasan Blok M,tourist attraction,DKI JAKARTA,31,JAKARTA SELATAN,71,8a8c1078d45ffff
p001,Kawasan Blok M,tourist attraction,DKI JAKARTA,31,JAKARTA SELATAN,71,8a8c1078d71ffff
p001,Kawasan Blok M,tourist attraction,DKI JAKARTA,31,JAKARTA SELATAN,71,8a8c1078d7affff
p001,Kawasan Blok M,tourist attraction,DKI JAKARTA,31,JAKARTA SELATAN,71,8a8c1078d637fff
p001,Kawasan Blok M,tourist attraction,DKI JAKARTA,31,JAKARTA SELATAN,71,8a8c1078d627fff
p001,Kawasan Blok M,tourist attraction,DKI JAKARTA,31,JAKARTA SELATAN,71,8a8c1078d7a7fff
p001,Kawasan Blok M,tourist attraction,DKI JAKARTA,31,JAKARTA SELATAN,71,8a8c1078d607fff
p001,Kawasan Blok M,tourist attraction,DKI JAKARTA,31,JAKARTA SELATAN,71,8a8c1078d78ffff
p001,Kawasan Blok M,tourist attraction,DKI JAKARTA,31,JAKARTA SELATAN,71,8a8c1078d707fff
p001,Kawasan Blok M,tourist attraction,DKI JAKARTA,31,JAKARTA SELATAN,71,8a8c1078d46ffff
p001,Kawasan Blok M,tourist attraction,DKI JAKARTA,31,JAKARTA SELATAN,71,8a8c1078d70ffff
p001,Kawasan Blok M,tourist attraction,DKI JAKARTA,31,JAKARTA SELATAN,71,8a8c1078d737fff
p001,Kawasan Blok M,tourist attraction,DKI JAKARTA,31,JAKARTA SELATAN,71,8a8c1078d787fff
p001,Kawasan Blok M,tourist attraction,DKI JAKARTA,31,JAKARTA SELATAN,71,8a8c1078d757fff
p002,Kawasan Gelora Bung Karno,park,DKI JAKARTA,31,JAKARTA PUSAT,73,8a8c1078bc1ffff
p002,Kawasan Gelora Bung Karno,park,DKI JAKARTA,31,JAKARTA PUSAT,73,8a8c1078ab5ffff
p002,Kawasan Gelora Bung Karno,park,DKI JAKARTA,31,JAKARTA PUSAT,73,8a8c1078bd37fff
p002,Kawasan Gelora Bung Karno,park,DKI JAKARTA,31,JAKARTA PUSAT,73,8a8c1078bd67fff
p002,Kawasan Gelora Bung Karno,park,DKI JAKARTA,31,JAKARTA PUSAT,73,8a8c1078aacffff
p002,Kawasan Gelora Bung Karno,park,DKI JAKARTA,31,JAKARTA PUSAT,73,8a8c10788637fff
p002,Kawasan Gelora Bung Karno,park,DKI JAKARTA,31,JAKARTA PUSAT,73,8a8c1078aa57fff
p002,Kawasan Gelora Bung Karno,park,DKI JAKARTA,31,JAKARTA PUSAT,73,8a8c1078bd97fff
p002,Kawasan Gelora Bung Karno,park,DKI JAKARTA,31,JAKARTA PUSAT,73,8a8c1078bd07fff
p002,Kawasan Gelora Bung Karno,park,DKI JAKARTA,31,JAKARTA PUSAT,73,8a8c1078aa77fff
p002,Kawasan Gelora Bung Karno,park,DKI JAKARTA,31,JAKARTA PUSAT,73,8a8c107886f7fff
p002,Kawasan Gelora Bung Karno,park,DKI JAKARTA,31,JAKARTA PUSAT,73,8a8c1078bc77fff
p002,Kawasan Gelora Bung Karno,park,DKI JAKARTA,31,JAKARTA PUSAT,73,8a8c1078bc27fff
p002,Kawasan Gelora Bung Karno,park,DKI JAKARTA,31,JAKARTA PUSAT,73,8a8c1078bd8ffff
p002,Kawasan Gelora Bung Karno,park,DKI JAKARTA,31,JAKARTA PUSAT,73,8a8c1078aa4ffff
p002,Kawasan Gelora Bung Karno,park,DKI JAKARTA,31,JAKARTA PUSAT,73,8a8c1078bc0ffff
p002,Kawasan Gelora Bung Karno,park,DKI JAKARTA,31,JAKARTA PUSAT,73,8a8c1078ab6ffff
p002,Kawasan Gelora Bung Karno,park,DKI JAKARTA,31,JAKARTA PUSAT,73,8a8c10788787fff
p002,Kawasan Gelora Bung Karno,park,DKI JAKARTA,31,JAKARTA PUSAT,73,8a8c107886b7fff
p002,Kawasan Gelora Bung Karno,park,DKI JAKARTA,31,JAKARTA PUSAT,73,8a8c1078861ffff
p002,Kawasan Gelora Bung Karno,park,DKI JAKARTA,31,JAKARTA PUSAT,73,8a8c1078860ffff
p002,Kawasan Gelora Bung Karno,park,DKI JAKARTA,31,JAKARTA PUSAT,73,8a8c1078bdaffff
p002,Kawasan Gelora Bung Karno,park,DKI JAKARTA,31,JAKARTA PUSAT,73,8a8c1078aa6ffff
p002,Kawasan Gelora Bung Karno,park,DKI JAKARTA,31,JAKARTA PUSAT,73,8a8c1078bc57fff
p002,Kawasan Gelora Bung Karno,park,DKI JAKARTA,31,JAKARTA PUSAT,73,8a8c107887b7fff
p002,Kawasan Gelora Bung Karno,park,DKI JAKARTA,31,JAKARTA PUSAT,73,8a8c1078bd9ffff
p002,Kawasan Gelora Bung Karno,park,DKI JAKARTA,31,JAKARTA PUSAT,73,8a8c1078bd1ffff
p002,Kawasan Gelora Bung Karno,park,DKI JAKARTA,31,JAKARTA PUSAT,73,8a8c1078bc47fff
p002,Kawasan Gelora Bung Karno,park,DKI JAKARTA,31,JAKARTA PUSAT,73,8a8c107886e7fff
p002,Kawasan Gelora Bung Karno,park,DKI JAKARTA,31,JAKARTA PUSAT,73,8a8c1078bda7fff
p002,Kawasan Gelora Bung Karno,park,DKI JAKARTA,31,JAKARTA PUSAT,73,8a8c1078bdb7fff
p002,Kawasan Gelora Bung Karno,park,DKI JAKARTA,31,JAKARTA PUSAT,73,8a8c1078879ffff
p002,Kawasan Gelora Bung Karno,park,DKI JAKARTA,31,JAKARTA PUSAT,73,8a8c10788797fff
p002,Kawasan Gelora Bung Karno,park,DKI JAKARTA,31,JAKARTA PUSAT,73,8a8c1078871ffff
p002,Kawasan Gelora Bung Karno,park,DKI JAKARTA,31,JAKARTA PUSAT,73,8a8c1078aa5ffff
p002,Kawasan Gelora Bung Karno,park,DKI JAKARTA,31,JAKARTA PUSAT,73,8a8c107886dffff
p002,Kawasan Gelora Bung Karno,park,DKI JAKARTA,31,JAKARTA PUSAT,73,8a8c1078878ffff
p002,Kawasan Gelora Bung Karno,park,DKI JAKARTA,31,JAKARTA PUSAT,73,8a8c1078869ffff
p002,Kawasan Gelora Bung Karno,park,DKI JAKARTA,31,JAKARTA PUSAT,73,8a8c1078aa0ffff
p002,Kawasan Gelora Bung Karno,park,DKI JAKARTA,31,JAKARTA PUSAT,73,8a8c1078b997fff
p002,Kawasan Gelora Bung Karno,park,DKI JAKARTA,31,JAKARTA PUSAT,73,8a8c1078bd87fff
p002,Kawasan Gelora Bung Karno,park,DKI JAKARTA,31,JAKARTA PUSAT,73,8a8c1078bd0ffff
p002,Kawasan Gelora Bung Karno,park,DKI JAKARTA,31,JAKARTA PUSAT,73,8a8c10788627fff
p002,Kawasan Gelora Bung Karno,park,DKI JAKARTA,31,JAKARTA PUSAT,73,8a8c10788617fff
p002,Kawasan Gelora Bung Karno,park,DKI JAKARTA,31,JAKARTA PUSAT,73,8a8c1078aa47fff
p002,Kawasan Gelora Bung Karno,park,DKI JAKARTA,31,JAKARTA PUSAT,73,8a8c1078ab4ffff
p002,Kawasan Gelora Bung Karno,park,DKI JAKARTA,31,JAKARTA PUSAT,73,8a8c1078bc2ffff
p002,Kawasan Gelora Bung Karno,park,DKI JAKARTA,31,JAKARTA PUSAT,73,8a8c107886cffff
p002,Kawasan Gelora Bung Karno,park,DKI JAKARTA,31,JAKARTA PUSAT,73,8a8c1078a367fff
p002,Kawasan Gelora Bung Karno,park,DKI JAKARTA,31,JAKARTA PUSAT,73,8a8c107886a7fff
p002,Kawasan Gelora Bung Karno,park,DKI JAKARTA,31,JAKARTA PUSAT,73,8a8c1078aadffff
p002,Kawasan Gelora Bung Karno,park,DKI JAKARTA,31,JAKARTA PUSAT,73,8a8c1078b8b7fff
p002,Kawasan Gelora Bung Karno,park,DKI JAKARTA,31,JAKARTA PUSAT,73,8a8c1078bd6ffff
p002,Kawasan Gelora Bung Karno,park,DKI JAKARTA,31,JAKARTA PUSAT,73,8a8c1078bd27fff
p002,Kawasan Gelora Bung Karno,park,DKI JAKARTA,31,JAKARTA PUSAT,73,8a8c10788607fff
p002,Kawasan Gelora Bung Karno,park,DKI JAKARTA,31,JAKARTA PUSAT,73,8a8c1078bd77fff
p002,Kawasan Gelora Bung Karno,park,DKI JAKARTA,31,JAKARTA PUSAT,73,8a8c1078aae7fff
p002,Kawasan Gelora Bung Karno,park,DKI JAKARTA,31,JAKARTA PUSAT,73,8a8c107886affff
p002,Kawasan Gelora Bung Karno,park,DKI JAKARTA,31,JAKARTA PUSAT,73,8a8c1078aa67fff
p002,Kawasan Gelora Bung Karno,park,DKI JAKARTA,31,JAKARTA PUSAT,73,8a8c1078862ffff
p002,Kawasan Gelora Bung Karno,park,DKI JAKARTA,31,JAKARTA PUSAT,73,8a8c1078bc17fff
p002,Kawasan Gelora Bung Karno,park,DKI JAKARTA,31,JAKARTA PUSAT,73,8a8c1078bd2ffff
p002,Kawasan Gelora Bung Karno,park,DKI JAKARTA,31,JAKARTA PUSAT,73,8a8c1078bd47fff
p002,Kawasan Gelora Bung Karno,park,DKI JAKARTA,31,JAKARTA PUSAT,73,8a8c1078bc37fff
p002,Kawasan Gelora Bung Karno,park,DKI JAKARTA,31,JAKARTA PUSAT,73,8a8c10788687fff
p002,Kawasan Gelora Bung Karno,park,DKI JAKARTA,31,JAKARTA PUSAT,73,8a8c1078bc07fff
p002,Kawasan Gelora Bung Karno,park,DKI JAKARTA,31,JAKARTA PUSAT,73,8a8c10788657fff
p002,Kawasan Gelora Bung Karno,park,DKI JAKARTA,31,JAKARTA PUSAT,73,8a8c10788697fff
p002,Kawasan Gelora Bung Karno,park,DKI JAKARTA,31,JAKARTA PUSAT,73,8a8c1078b99ffff
p002,Kawasan Gelora Bung Karno,park,DKI JAKARTA,31,JAKARTA PUSAT,73,8a8c1078ab47fff
p002,Kawasan Gelora Bung Karno,park,DKI JAKARTA,31,JAKARTA PUSAT,73,8a8c107887affff
p002,Kawasan Gelora Bung Karno,park,DKI JAKARTA,31,JAKARTA PUSAT,73,8a8c1078aac7fff
p002,Kawasan Gelora Bung Karno,park,DKI JAKARTA,31,JAKARTA PUSAT,73,8a8c107886d7fff
p002,Kawasan Gelora Bung Karno,park,DKI JAKARTA,31,JAKARTA PUSAT,73,8a8c1078b9b7fff
p002,Kawasan Gelora Bung Karno,park,DKI JAKARTA,31,JAKARTA PUSAT,73,8a8c1078bd17fff
p002,Kawasan Gelora Bung Karno,park,DKI JAKARTA,31,JAKARTA PUSAT,73,8a8c107886effff
p002,Kawasan Gelora Bung Karno,park,DKI JAKARTA,31,JAKARTA PUSAT,73,8a8c107886c7fff
p002,Kawasan Gelora Bung Karno,park,DKI JAKARTA,31,JAKARTA PUSAT,73,8a8c1078bc67fff
p002,Kawasan Gelora Bung Karno,park,DKI JAKARTA,31,JAKARTA PUSAT,73,8a8c1078868ffff
p002,Kawasan Gelora Bung Karno,park,DKI JAKARTA,31,JAKARTA PUSAT,73,8a8c1078bd4ffff
p002,Kawasan Gelora Bung Karno,park,DKI JAKARTA,31,JAKARTA PUSAT,73,8a8c10788757fff
p002,Kawasan Gelora Bung Karno,park,DKI JAKARTA,31,JAKARTA PUSAT,73,8a8c1078bd57fff
p002,Kawasan Gelora Bung Karno,park,DKI JAKARTA,31,JAKARTA PUSAT,73,8a8c1078aa2ffff
p002,Kawasan Gelora Bung Karno,park,DKI JAKARTA,31,JAKARTA PUSAT,73,8a8c1078aaeffff
p002,Kawasan Gelora Bung Karno,park,DKI JAKARTA,31,JAKARTA PUSAT,73,8a8c1078bd5ffff
p002,Kawasan Gelora Bung Karno,park,DKI JAKARTA,31,JAKARTA PUSAT,73,8a8c1078bca7fff
p002,Kawasan Gelora Bung Karno,park,DKI JAKARTA,31,JAKARTA PUSAT,73,8a8c1078b987fff
p002,Kawasan Gelora Bung Karno,park,DKI JAKARTA,31,JAKARTA PUSAT,73,8a8c1078bce7fff
p002,Kawasan Gelora Bung Karno,park,DKI JAKARTA,31,JAKARTA PUSAT,73,8a8c1078aaf7fff
p002,Kawasan Gelora Bung Karno,park,DKI JAKARTA,31,JAKARTA PUSAT,73,8a8c1078aa1ffff
p002,Kawasan Gelora Bung Karno,park,DKI JAKARTA,31,JAKARTA PUSAT,73,8a8c1078870ffff
p002,Kawasan Gelora Bung Karno,park,DKI JAKARTA,31,JAKARTA PUSAT,73,8a8c107887a7fff
p002,Kawasan Gelora Bung Karno,park,DKI JAKARTA,31,JAKARTA PUSAT,73,8a8c1078b897fff
p003,Kawasan Old Shanghai Sedayu City,cultural tourism,DKI JAKARTA,31,JAKARTA TIMUR,72,8a8c12b65acffff
p003,Kawasan Old Shanghai Sedayu City,cultural tourism,DKI JAKARTA,31,JAKARTA TIMUR,72,8a8c12b65a77fff
p003,Kawasan Old Shanghai Sedayu City,cultural tourism,DKI JAKARTA,31,JAKARTA TIMUR,72,8a8c12b65aeffff
p003,Kawasan Old Shanghai Sedayu City,cultural tourism,DKI JAKARTA,31,JAKARTA TIMUR,72,8a8c12b65a57fff
p003,Kawasan Old Shanghai Sedayu City,cultural tourism,DKI JAKARTA,31,JAKARTA TIMUR,72,8a8c12b65ad7fff
p003,Kawasan Old Shanghai Sedayu City,cultural tourism,DKI JAKARTA,31,JAKARTA TIMUR,72,8a8c12b65adffff
p003,Kawasan Old Shanghai Sedayu City,cultural tourism,DKI JAKARTA,31,JAKARTA TIMUR,72,8a8c12b65ac7fff
p003,Kawasan Old Shanghai Sedayu City,cultural tourism,DKI JAKARTA,31,JAKARTA TIMUR,72,8a8c12b65ae7fff
p003,Kawasan Old Shanghai Sedayu City,cultural tourism,DKI JAKARTA,31,JAKARTA TIMUR,72,8a8c12b65a8ffff
p003,Kawasan Old Shanghai Sedayu City,cultural tourism,DKI JAKARTA,31,JAKARTA TIMUR,72,8a8c12b65a0ffff
p003,Kawasan Old Shanghai Sedayu City,cultural tourism,DKI JAKARTA,31,JAKARTA TIMUR,72,8a8c12b65367fff
p003,Kawasan Old Shanghai Sedayu City,cultural tourism,DKI JAKARTA,31,JAKARTA TIMUR,72,8a8c12b65a2ffff
p004,Kawasan Wisata Kota Tua Jakarta,tourist attraction,DKI JAKARTA,31,JAKARTA BARAT,74,8a8c106b0a77fff
p004,Kawasan Wisata Kota Tua Jakarta,tourist attraction,DKI JAKARTA,31,JAKARTA BARAT,74,8a8c106b0ad7fff
p004,Kawasan Wisata Kota Tua Jakarta,tourist attraction,DKI JAKARTA,31,JAKARTA BARAT,74,8a8c106b0367fff
p004,Kawasan Wisata Kota Tua Jakarta,tourist attraction,DKI JAKARTA,31,JAKARTA BARAT,74,8a8c106b0357fff
p004,Kawasan Wisata Kota Tua Jakarta,tourist attraction,DKI JAKARTA,31,JAKARTA BARAT,74,8a8c106b0a9ffff
p004,Kawasan Wisata Kota Tua Jakarta,tourist attraction,DKI JAKARTA,31,JAKARTA BARAT,74,8a8c106b0377fff
p004,Kawasan Wisata Kota Tua Jakarta,tourist attraction,DKI JAKARTA,31,JAKARTA BARAT,74,8a8c106b032ffff
p004,Kawasan Wisata Kota Tua Jakarta,tourist attraction,DKI JAKARTA,31,JAKARTA BARAT,74,8a8c106b0aaffff
p004,Kawasan Wisata Kota Tua Jakarta,tourist attraction,DKI JAKARTA,31,JAKARTA BARAT,74,8a8c106b0a17fff
p004,Kawasan Wisata Kota Tua Jakarta,tourist attraction,DKI JAKARTA,31,JAKARTA BARAT,74,8a8c106b0aeffff
p004,Kawasan Wisata Kota Tua Jakarta,tourist attraction,DKI JAKARTA,31,JAKARTA BARAT,74,8a8c106b0307fff
p004,Kawasan Wisata Kota Tua Jakarta,tourist attraction,DKI JAKARTA,31,JAKARTA BARAT,74,8a8c106b0327fff
p004,Kawasan Wisata Kota Tua Jakarta,tourist attraction,DKI JAKARTA,31,JAKARTA BARAT,74,8a8c106b0a2ffff
p004,Kawasan Wisata Kota Tua Jakarta,tourist attraction,DKI JAKARTA,31,JAKARTA BARAT,74,8a8c106b030ffff
p004,Kawasan Wisata Kota Tua Jakarta,tourist attraction,DKI JAKARTA,31,JAKARTA BARAT,74,8a8c106b0ae7fff
p004,Kawasan Wisata Kota Tua Jakarta,tourist attraction,DKI JAKARTA,31,JAKARTA BARAT,74,8a8c106b0adffff
p004,Kawasan Wisata Kota Tua Jakarta,tourist attraction,DKI JAKARTA,31,JAKARTA BARAT,74,8a8c106b0347fff
p004,Kawasan Wisata Kota Tua Jakarta,tourist attraction,DKI JAKARTA,31,JAKARTA BARAT,74,8a8c106b0a37fff
p004,Kawasan Wisata Kota Tua Jakarta,tourist attraction,DKI JAKARTA,31,JAKARTA BARAT,74,8a8c106b0a1ffff
p004,Kawasan Wisata Kota Tua Jakarta,tourist attraction,DKI JAKARTA,31,JAKARTA BARAT,74,8a8c106b0b5ffff
p004,Kawasan Wisata Kota Tua Jakarta,tourist attraction,DKI JAKARTA,31,JAKARTA BARAT,74,8a8c106b0aa7fff
p004,Kawasan Wisata Kota Tua Jakarta,tourist attraction,DKI JAKARTA,31,JAKARTA BARAT,74,8a8c106b035ffff
p004,Kawasan Wisata Kota Tua Jakarta,tourist attraction,DKI JAKARTA,31,JAKARTA BARAT,74,8a8c106b0a8ffff
p004,Kawasan Wisata Kota Tua Jakarta,tourist attraction,DKI JAKARTA,31,JAKARTA BARAT,74,8a8c106b0ac7fff
p004,Kawasan Wisata Kota Tua Jakarta,tourist attraction,DKI JAKARTA,31,JAKARTA BARAT,74,8a8c106b0af7fff
p004,Kawasan Wisata Kota Tua Jakarta,tourist attraction,DKI JAKARTA,31,JAKARTA BARAT,74,8a8c106b0a5ffff
p004,Kawasan Wisata Kota Tua Jakarta,tourist attraction,DKI JAKARTA,31,JAKARTA BARAT,74,8a8c106b0a0ffff
p004,Kawasan Wisata Kota Tua Jakarta,tourist attraction,DKI JAKARTA,31,JAKARTA BARAT,74,8a8c106b0a87fff
p004,Kawasan Wisata Kota Tua Jakarta,tourist attraction,DKI JAKARTA,31,JAKARTA BARAT,74,8a8c106b1db7fff
p004,Kawasan Wisata Kota Tua Jakarta,tourist attraction,DKI JAKARTA,31,JAKARTA BARAT,74,8a8c106b0a57fff
p004,Kawasan Wisata Kota Tua Jakarta,tourist attraction,DKI JAKARTA,31,JAKARTA BARAT,74,8a8c106b0a07fff
p004,Kawasan Wisata Kota Tua Jakarta,tourist attraction,DKI JAKARTA,31,JAKARTA BARAT,74,8a8c106b1d97fff
p004,Kawasan Wisata Kota Tua Jakarta,tourist attraction,DKI JAKARTA,31,JAKARTA BARAT,74,8a8c106b0acffff
p004,Kawasan Wisata Kota Tua Jakarta,tourist attraction,DKI JAKARTA,31,JAKARTA BARAT,74,8a8c106b031ffff
p004,Kawasan Wisata Kota Tua Jakarta,tourist attraction,DKI JAKARTA,31,JAKARTA BARAT,74,8a8c106b0337fff
p004,Kawasan Wisata Kota Tua Jakarta,tourist attraction,DKI JAKARTA,31,JAKARTA BARAT,74,8a8c106b0b57fff
p004,Kawasan Wisata Kota Tua Jakarta,tourist attraction,DKI JAKARTA,31,JAKARTA BARAT,74,8a8c106b0a67fff
p004,Kawasan Wisata Kota Tua Jakarta,tourist attraction,DKI JAKARTA,31,JAKARTA BARAT,74,8a8c106b0b8ffff
p005,Kebun Binatang Ragunan,tourist attraction,DKI JAKARTA,31,JAKARTA SELATAN,71,8a8c107adad7fff
p005,Kebun Binatang Ragunan,tourist attraction,DKI JAKARTA,31,JAKARTA SELATAN,71,8a8c107ada77fff
p005,Kebun Binatang Ragunan,tourist attraction,DKI JAKARTA,31,JAKARTA SELATAN,71,8a8c1071e4f7fff
p005,Kebun Binatang Ragunan,tourist attraction,DKI JAKARTA,31,JAKARTA SELATAN,71,8a8c107adb97fff
p005,Kebun Binatang Ragunan,tourist attraction,DKI JAKARTA,31,JAKARTA SELATAN,71,8a8c107adac7fff
p005,Kebun Binatang Ragunan,tourist attraction,DKI JAKARTA,31,JAKARTA SELATAN,71,8a8c107ada67fff
p005,Kebun Binatang Ragunan,tourist attraction,DKI JAKARTA,31,JAKARTA SELATAN,71,8a8c107adb4ffff
p005,Kebun Binatang Ragunan,tourist attraction,DKI JAKARTA,31,JAKARTA SELATAN,71,8a8c107adbaffff
p005,Kebun Binatang Ragunan,tourist attraction,DKI JAKARTA,31,JAKARTA SELATAN,71,8a8c1071e4dffff
p005,Kebun Binatang Ragunan,tourist attraction,DKI JAKARTA,31,JAKARTA SELATAN,71,8a8c1071e787fff
p005,Kebun Binatang Ragunan,tourist attraction,DKI JAKARTA,31,JAKARTA SELATAN,71,8a8c107ada5ffff
p005,Kebun Binatang Ragunan,tourist attraction,DKI JAKARTA,31,JAKARTA SELATAN,71,8a8c1071e4d7fff
p005,Kebun Binatang Ragunan,tourist attraction,DKI JAKARTA,31,JAKARTA SELATAN,71,8a8c1071e7a7fff
p005,Kebun Binatang Ragunan,tourist attraction,DKI JAKARTA,31,JAKARTA SELATAN,71,8a8c107adadffff
p005,Kebun Binatang Ragunan,tourist attraction,DKI JAKARTA,31,JAKARTA SELATAN,71,8a8c107ada1ffff
p005,Kebun Binatang Ragunan,tourist attraction,DKI JAKARTA,31,JAKARTA SELATAN,71,8a8c1071e4e7fff
p005,Kebun Binatang Ragunan,tourist attraction,DKI JAKARTA,31,JAKARTA SELATAN,71,8a8c107ad85ffff
p005,Kebun Binatang Ragunan,tourist attraction,DKI JAKARTA,31,JAKARTA SELATAN,71,8a8c1071e4cffff
p005,Kebun Binatang Ragunan,tourist attraction,DKI JAKARTA,31,JAKARTA SELATAN,71,8a8c107ad84ffff
p005,Kebun Binatang Ragunan,tourist attraction,DKI JAKARTA,31,JAKARTA SELATAN,71,8a8c1071e40ffff
p005,Kebun Binatang Ragunan,tourist attraction,DKI JAKARTA,31,JAKARTA SELATAN,71,8a8c107adb87fff
p005,Kebun Binatang Ragunan,tourist attraction,DKI JAKARTA,31,JAKARTA SELATAN,71,8a8c1071e79ffff
p005,Kebun Binatang Ragunan,tourist attraction,DKI JAKARTA,31,JAKARTA SELATAN,71,8a8c107adb47fff
p005,Kebun Binatang Ragunan,tourist attraction,DKI JAKARTA,31,JAKARTA SELATAN,71,8a8c1071adb7fff
p005,Kebun Binatang Ragunan,tourist attraction,DKI JAKARTA,31,JAKARTA SELATAN,71,8a8c107ad877fff
p005,Kebun Binatang Ragunan,tourist attraction,DKI JAKARTA,31,JAKARTA SELATAN,71,8a8c107adbb7fff
p005,Kebun Binatang Ragunan,tourist attraction,DKI JAKARTA,31,JAKARTA SELATAN,71,8a8c1071e78ffff
p005,Kebun Binatang Ragunan,tourist attraction,DKI JAKARTA,31,JAKARTA SELATAN,71,8a8c107adb2ffff
p005,Kebun Binatang Ragunan,tourist attraction,DKI JAKARTA,31,JAKARTA SELATAN,71,8a8c107adae7fff
p005,Kebun Binatang Ragunan,tourist attraction,DKI JAKARTA,31,JAKARTA SELATAN,71,8a8c1071e7b7fff
p005,Kebun Binatang Ragunan,tourist attraction,DKI JAKARTA,31,JAKARTA SELATAN,71,8a8c1071e45ffff
p005,Kebun Binatang Ragunan,tourist attraction,DKI JAKARTA,31,JAKARTA SELATAN,71,8a8c107ada8ffff
p005,Kebun Binatang Ragunan,tourist attraction,DKI JAKARTA,31,JAKARTA SELATAN,71,8a8c107adaf7fff
p005,Kebun Binatang Ragunan,tourist attraction,DKI JAKARTA,31,JAKARTA SELATAN,71,8a8c107ad347fff
p005,Kebun Binatang Ragunan,tourist attraction,DKI JAKARTA,31,JAKARTA SELATAN,71,8a8c107adb57fff
p005,Kebun Binatang Ragunan,tourist attraction,DKI JAKARTA,31,JAKARTA SELATAN,71,8a8c107ada2ffff
p005,Kebun Binatang Ragunan,tourist attraction,DKI JAKARTA,31,JAKARTA SELATAN,71,8a8c107ad377fff
p005,Kebun Binatang Ragunan,tourist attraction,DKI JAKARTA,31,JAKARTA SELATAN,71,8a8c107ad16ffff
p005,Kebun Binatang Ragunan,tourist attraction,DKI JAKARTA,31,JAKARTA SELATAN,71,8a8c1071e457fff
p005,Kebun Binatang Ragunan,tourist attraction,DKI JAKARTA,31,JAKARTA SELATAN,71,8a8c107ada37fff
p005,Kebun Binatang Ragunan,tourist attraction,DKI JAKARTA,31,JAKARTA SELATAN,71,8a8c1071e49ffff
p005,Kebun Binatang Ragunan,tourist attraction,DKI JAKARTA,31,JAKARTA SELATAN,71,8a8c107ad8effff
p005,Kebun Binatang Ragunan,tourist attraction,DKI JAKARTA,31,JAKARTA SELATAN,71,8a8c1071e4a7fff
p005,Kebun Binatang Ragunan,tourist attraction,DKI JAKARTA,31,JAKARTA SELATAN,71,8a8c107adb67fff
p005,Kebun Binatang Ragunan,tourist attraction,DKI JAKARTA,31,JAKARTA SELATAN,71,8a8c107adab7fff
p005,Kebun Binatang Ragunan,tourist attraction,DKI JAKARTA,31,JAKARTA SELATAN,71,8a8c107adb1ffff
p005,Kebun Binatang Ragunan,tourist attraction,DKI JAKARTA,31,JAKARTA SELATAN,71,8a8c107ada27fff
p005,Kebun Binatang Ragunan,tourist attraction,DKI JAKARTA,31,JAKARTA SELATAN,71,8a8c107adaa7fff
p005,Kebun Binatang Ragunan,tourist attraction,DKI JAKARTA,31,JAKARTA SELATAN,71,8a8c107adb77fff
p005,Kebun Binatang Ragunan,tourist attraction,DKI JAKARTA,31,JAKARTA SELATAN,71,8a8c107adaeffff
p005,Kebun Binatang Ragunan,tourist attraction,DKI JAKARTA,31,JAKARTA SELATAN,71,8a8c107ada57fff
p005,Kebun Binatang Ragunan,tourist attraction,DKI JAKARTA,31,JAKARTA SELATAN,71,8a8c107ad367fff
p005,Kebun Binatang Ragunan,tourist attraction,DKI JAKARTA,31,JAKARTA SELATAN,71,8a8c107ad847fff
p005,Kebun Binatang Ragunan,tourist attraction,DKI JAKARTA,31,JAKARTA SELATAN,71,8a8c107adb9ffff
p005,Kebun Binatang Ragunan,tourist attraction,DKI JAKARTA,31,JAKARTA SELATAN,71,8a8c107adaaffff
p005,Kebun Binatang Ragunan,tourist attraction,DKI JAKARTA,31,JAKARTA SELATAN,71,8a8c107ada0ffff
p005,Kebun Binatang Ragunan,tourist attraction,DKI JAKARTA,31,JAKARTA SELATAN,71,8a8c107adacffff
p005,Kebun Binatang Ragunan,tourist attraction,DKI JAKARTA,31,JAKARTA SELATAN,71,8a8c107adb37fff
p005,Kebun Binatang Ragunan,tourist attraction,DKI JAKARTA,31,JAKARTA SELATAN,71,8a8c107ada17fff
p005,Kebun Binatang Ragunan,tourist attraction,DKI JAKARTA,31,JAKARTA SELATAN,71,8a8c107adb5ffff
p005,Kebun Binatang Ragunan,tourist attraction,DKI JAKARTA,31,JAKARTA SELATAN,71,8a8c1071e7affff
p005,Kebun Binatang Ragunan,tourist attraction,DKI JAKARTA,31,JAKARTA SELATAN,71,8a8c1071e437fff
p005,Kebun Binatang Ragunan,tourist attraction,DKI JAKARTA,31,JAKARTA SELATAN,71,8a8c107ada87fff
p005,Kebun Binatang Ragunan,tourist attraction,DKI JAKARTA,31,JAKARTA SELATAN,71,8a8c107adb07fff
p005,Kebun Binatang Ragunan,tourist attraction,DKI JAKARTA,31,JAKARTA SELATAN,71,8a8c1071e6b7fff
p005,Kebun Binatang Ragunan,tourist attraction,DKI JAKARTA,31,JAKARTA SELATAN,71,8a8c107ad327fff
p005,Kebun Binatang Ragunan,tourist attraction,DKI JAKARTA,31,JAKARTA SELATAN,71,8a8c1071e797fff
p005,Kebun Binatang Ragunan,tourist attraction,DKI JAKARTA,31,JAKARTA SELATAN,71,8a8c1071e48ffff
p005,Kebun Binatang Ragunan,tourist attraction,DKI JAKARTA,31,JAKARTA SELATAN,71,8a8c1071e4effff
p005,Kebun Binatang Ragunan,tourist attraction,DKI JAKARTA,31,JAKARTA SELATAN,71,8a8c107ada07fff
p005,Kebun Binatang Ragunan,tourist attraction,DKI JAKARTA,31,JAKARTA SELATAN,71,8a8c107ada47fff
p005,Kebun Binatang Ragunan,tourist attraction,DKI JAKARTA,31,JAKARTA SELATAN,71,8a8c107ad32ffff
p005,Kebun Binatang Ragunan,tourist attraction,DKI JAKARTA,31,JAKARTA SELATAN,71,8a8c1071e4c7fff
p005,Kebun Binatang Ragunan,tourist attraction,DKI JAKARTA,31,JAKARTA SELATAN,71,8a8c1071e41ffff
p005,Kebun Binatang Ragunan,tourist attraction,DKI JAKARTA,31,JAKARTA SELATAN,71,8a8c107adb27fff
p005,Kebun Binatang Ragunan,tourist attraction,DKI JAKARTA,31,JAKARTA SELATAN,71,8a8c107adb8ffff
p005,Kebun Binatang Ragunan,tourist attraction,DKI JAKARTA,31,JAKARTA SELATAN,71,8a8c107adba7fff
p005,Kebun Binatang Ragunan,tourist attraction,DKI JAKARTA,31,JAKARTA SELATAN,71,8a8c1071e407fff
p005,Kebun Binatang Ragunan,tourist attraction,DKI JAKARTA,31,JAKARTA SELATAN,71,8a8c107ad857fff
p005,Kebun Binatang Ragunan,tourist attraction,DKI JAKARTA,31,JAKARTA SELATAN,71,8a8c1071e617fff
p005,Kebun Binatang Ragunan,tourist attraction,DKI JAKARTA,31,JAKARTA SELATAN,71,8a8c1071e4affff
p005,Kebun Binatang Ragunan,tourist attraction,DKI JAKARTA,31,JAKARTA SELATAN,71,8a8c107ada4ffff
p005,Kebun Binatang Ragunan,tourist attraction,DKI JAKARTA,31,JAKARTA SELATAN,71,8a8c107adb6ffff
p005,Kebun Binatang Ragunan,tourist attraction,DKI JAKARTA,31,JAKARTA SELATAN,71,8a8c107adb17fff
p005,Kebun Binatang Ragunan,tourist attraction,DKI JAKARTA,31,JAKARTA SELATAN,71,8a8c1071e697fff
p005,Kebun Binatang Ragunan,tourist attraction,DKI JAKARTA,31,JAKARTA SELATAN,71,8a8c107ad86ffff
p005,Kebun Binatang Ragunan,tourist attraction,DKI JAKARTA,31,JAKARTA SELATAN,71,8a8c107adb0ffff
p005,Kebun Binatang Ragunan,tourist attraction,DKI JAKARTA,31,JAKARTA SELATAN,71,8a8c1071e487fff
p005,Kebun Binatang Ragunan,tourist attraction,DKI JAKARTA,31,JAKARTA SELATAN,71,8a8c1071ada7fff
p005,Kebun Binatang Ragunan,tourist attraction,DKI JAKARTA,31,JAKARTA SELATAN,71,8a8c1071e6a7fff
p005,Kebun Binatang Ragunan,tourist attraction,DKI JAKARTA,31,JAKARTA SELATAN,71,8a8c1071e417fff
p005,Kebun Binatang Ragunan,tourist attraction,DKI JAKARTA,31,JAKARTA SELATAN,71,8a8c107ad167fff
p005,Kebun Binatang Ragunan,tourist attraction,DKI JAKARTA,31,JAKARTA SELATAN,71,8a8c1071e497fff
p005,Kebun Binatang Ragunan,tourist attraction,DKI JAKARTA,31,JAKARTA SELATAN,71,8a8c1071e637fff
p005,Kebun Binatang Ragunan,tourist attraction,DKI JAKARTA,31,JAKARTA SELATAN,71,8a8c107ad147fff
p005,Kebun Binatang Ragunan,tourist attraction,DKI JAKARTA,31,JAKARTA SELATAN,71,8a8c107ad8e7fff
p005,Kebun Binatang Ragunan,tourist attraction,DKI JAKARTA,31,JAKARTA SELATAN,71,8a8c1071e427fff
p005,Kebun Binatang Ragunan,tourist attraction,DKI JAKARTA,31,JAKARTA SELATAN,71,8a8c107ada9ffff
p005,Kebun Binatang Ragunan,tourist attraction,DKI JAKARTA,31,JAKARTA SELATAN,71,8a8c107ad14ffff
p006,Kepulauan Seribu - Pulau Pramuka,tourist attraction,DKI JAKARTA,31,KEPULAUAN SERIBU,01,8a8c13c864dffff
p006,Kepulauan Seribu - Pulau Pramuka,tourist attraction,DKI JAKARTA,31,KEPULAUAN SERIBU,01,8a8c13c95a0ffff
p006,Kepulauan Seribu - Pulau Pramuka,tourist attraction,DKI JAKARTA,31,KEPULAUAN SERIBU,01,8a8c13c95a77fff
p006,Kepulauan Seribu - Pulau Pramuka,tourist attraction,DKI JAKARTA,31,KEPULAUAN SERIBU,01,8a8c13c864cffff
p006,Kepulauan Seribu - Pulau Pramuka,tourist attraction,DKI JAKARTA,31,KEPULAUAN SERIBU,01,8a8c13c95a27fff
p006,Kepulauan Seribu - Pulau Pramuka,tourist attraction,DKI JAKARTA,31,KEPULAUAN SERIBU,01,8a8c13c864d7fff
p006,Kepulauan Seribu - Pulau Pramuka,tourist attraction,DKI JAKARTA,31,KEPULAUAN SERIBU,01,8a8c13c95b57fff
p006,Kepulauan Seribu - Pulau Pramuka,tourist attraction,DKI JAKARTA,31,KEPULAUAN SERIBU,01,8a8c13c95a37fff
p006,Kepulauan Seribu - Pulau Pramuka,tourist attraction,DKI JAKARTA,31,KEPULAUAN SERIBU,01,8a8c13c86787fff
p006,Kepulauan Seribu - Pulau Pramuka,tourist attraction,DKI JAKARTA,31,KEPULAUAN SERIBU,01,8a8c13c95a2ffff
p006,Kepulauan Seribu - Pulau Pramuka,tourist attraction,DKI JAKARTA,31,KEPULAUAN SERIBU,01,8a8c13c95b67fff
p006,Kepulauan Seribu - Pulau Pramuka,tourist attraction,DKI JAKARTA,31,KEPULAUAN SERIBU,01,8a8c13c95b6ffff
p006,Kepulauan Seribu - Pulau Pramuka,tourist attraction,DKI JAKARTA,31,KEPULAUAN SERIBU,01,8a8c13c95b2ffff
p006,Kepulauan Seribu - Pulau Pramuka,tourist attraction,DKI JAKARTA,31,KEPULAUAN SERIBU,01,8a8c13c8679ffff
p006,Kepulauan Seribu - Pulau Pramuka,tourist attraction,DKI JAKARTA,31,KEPULAUAN SERIBU,01,8a8c13c95b0ffff
p006,Kepulauan Seribu - Pulau Pramuka,tourist attraction,DKI JAKARTA,31,KEPULAUAN SERIBU,01,8a8c13c86797fff
p006,Kepulauan Seribu - Pulau Pramuka,tourist attraction,DKI JAKARTA,31,KEPULAUAN SERIBU,01,8a8c13c95b4ffff
p006,Kepulauan Seribu - Pulau Pramuka,tourist attraction,DKI JAKARTA,31,KEPULAUAN SERIBU,01,8a8c13c95b5ffff
p006,Kepulauan Seribu - Pulau Pramuka,tourist attraction,DKI JAKARTA,31,KEPULAUAN SERIBU,01,8a8c13c95b1ffff
p006,Kepulauan Seribu - Pulau Pramuka,tourist attraction,DKI JAKARTA,31,KEPULAUAN SERIBU,01,8a8c13c95a1ffff
p006,Kepulauan Seribu - Pulau Pramuka,tourist attraction,DKI JAKARTA,31,KEPULAUAN SERIBU,01,8a8c13c95b77fff
p006,Kepulauan Seribu - Pulau Pramuka,tourist attraction,DKI JAKARTA,31,KEPULAUAN SERIBU,01,8a8c13c866b7fff
p006,Kepulauan Seribu - Pulau Pramuka,tourist attraction,DKI JAKARTA,31,KEPULAUAN SERIBU,01,8a8c13c8678ffff
p006,Kepulauan Seribu - Pulau Pramuka,tourist attraction,DKI JAKARTA,31,KEPULAUAN SERIBU,01,8a8c13c95a07fff
p006,Kepulauan Seribu - Pulau Pramuka,tourist attraction,DKI JAKARTA,31,KEPULAUAN SERIBU,01,8a8c13c95b07fff
p006,Kepulauan Seribu - Pulau Pramuka,tourist attraction,DKI JAKARTA,31,KEPULAUAN SERIBU,01,8a8c13c95baffff
p006,Kepulauan Seribu - Pulau Pramuka,tourist attraction,DKI JAKARTA,31,KEPULAUAN SERIBU,01,8a8c13c95b47fff
p006,Kepulauan Seribu - Pulau Pramuka,tourist attraction,DKI JAKARTA,31,KEPULAUAN SERIBU,01,8a8c13c95b8ffff
p006,Kepulauan Seribu - Pulau Pramuka,tourist attraction,DKI JAKARTA,31,KEPULAUAN SERIBU,01,8a8c13c95a17fff
p006,Kepulauan Seribu - Pulau Pramuka,tourist attraction,DKI JAKARTA,31,KEPULAUAN SERIBU,01,8a8c13c95a67fff
p006,Kepulauan Seribu - Pulau Pramuka,tourist attraction,DKI JAKARTA,31,KEPULAUAN SERIBU,01,8a8c13c95aaffff
p006,Kepulauan Seribu - Pulau Pramuka,tourist attraction,DKI JAKARTA,31,KEPULAUAN SERIBU,01,8a8c13c95aa7fff
p006,Kepulauan Seribu - Pulau Pramuka,tourist attraction,DKI JAKARTA,31,KEPULAUAN SERIBU,01,8a8c13c867b7fff
p006,Kepulauan Seribu - Pulau Pramuka,tourist attraction,DKI JAKARTA,31,KEPULAUAN SERIBU,01,8a8c13c864c7fff
p006,Kepulauan Seribu - Pulau Pramuka,tourist attraction,DKI JAKARTA,31,KEPULAUAN SERIBU,01,8a8c13c86697fff
p006,Kepulauan Seribu - Pulau Pramuka,tourist attraction,DKI JAKARTA,31,KEPULAUAN SERIBU,01,8a8c13c866a7fff
p006,Kepulauan Seribu - Pulau Pramuka,tourist attraction,DKI JAKARTA,31,KEPULAUAN SERIBU,01,8a8c13c95b27fff
p007,Kepulauan Seribu - Pulau Pari,tourist attraction,DKI JAKARTA,31,KEPULAUAN SERIBU,01,8a8c13d8b107fff
p007,Kepulauan Seribu - Pulau Pari,tourist attraction,DKI JAKARTA,31,KEPULAUAN SERIBU,01,8a8c13d896dffff
p007,Kepulauan Seribu - Pulau Pari,tourist attraction,DKI JAKARTA,31,KEPULAUAN SERIBU,01,8a8c13c16d2ffff
p007,Kepulauan Seribu - Pulau Pari,tourist attraction,DKI JAKARTA,31,KEPULAUAN SERIBU,01,8a8c13c16d97fff
p007,Kepulauan Seribu - Pulau Pari,tourist attraction,DKI JAKARTA,31,KEPULAUAN SERIBU,01,8a8c13d8ba87fff
p007,Kepulauan Seribu - Pulau Pari,tourist attraction,DKI JAKARTA,31,KEPULAUAN SERIBU,01,8a8c13d8b10ffff
p007,Kepulauan Seribu - Pulau Pari,tourist attraction,DKI JAKARTA,31,KEPULAUAN SERIBU,01,8a8c13d8b11ffff
p007,Kepulauan Seribu - Pulau Pari,tourist attraction,DKI JAKARTA,31,KEPULAUAN SERIBU,01,8a8c13d8b157fff
p007,Kepulauan Seribu - Pulau Pari,tourist attraction,DKI JAKARTA,31,KEPULAUAN SERIBU,01,8a8c13d8ba2ffff
p007,Kepulauan Seribu - Pulau Pari,tourist attraction,DKI JAKARTA,31,KEPULAUAN SERIBU,01,8a8c13d8b147fff
p007,Kepulauan Seribu - Pulau Pari,tourist attraction,DKI JAKARTA,31,KEPULAUAN SERIBU,01,8a8c13d8ba17fff
p007,Kepulauan Seribu - Pulau Pari,tourist attraction,DKI JAKARTA,31,KEPULAUAN SERIBU,01,8a8c13d8bac7fff
p007,Kepulauan Seribu - Pulau Pari,tourist attraction,DKI JAKARTA,31,KEPULAUAN SERIBU,01,8a8c13d8ba8ffff
p007,Kepulauan Seribu - Pulau Pari,tourist attraction,DKI JAKARTA,31,KEPULAUAN SERIBU,01,8a8c13d8ba5ffff
p007,Kepulauan Seribu - Pulau Pari,tourist attraction,DKI JAKARTA,31,KEPULAUAN SERIBU,01,8a8c13d8ba9ffff
p007,Kepulauan Seribu - Pulau Pari,tourist attraction,DKI JAKARTA,31,KEPULAUAN SERIBU,01,8a8c13d896cffff
p007,Kepulauan Seribu - Pulau Pari,tourist attraction,DKI JAKARTA,31,KEPULAUAN SERIBU,01,8a8c13c16db7fff
p007,Kepulauan Seribu - Pulau Pari,tourist attraction,DKI JAKARTA,31,KEPULAUAN SERIBU,01,8a8c13d8b32ffff
p007,Kepulauan Seribu - Pulau Pari,tourist attraction,DKI JAKARTA,31,KEPULAUAN SERIBU,01,8a8c13d8ba4ffff
p007,Kepulauan Seribu - Pulau Pari,tourist attraction,DKI JAKARTA,31,KEPULAUAN SERIBU,01,8a8c13d8b12ffff
p007,Kepulauan Seribu - Pulau Pari,tourist attraction,DKI JAKARTA,31,KEPULAUAN SERIBU,01,8a8c13d8bc6ffff
p007,Kepulauan Seribu - Pulau Pari,tourist attraction,DKI JAKARTA,31,KEPULAUAN SERIBU,01,8a8c13d8bc77fff
p007,Kepulauan Seribu - Pulau Pari,tourist attraction,DKI JAKARTA,31,KEPULAUAN SERIBU,01,8a8c13c16da7fff
p007,Kepulauan Seribu - Pulau Pari,tourist attraction,DKI JAKARTA,31,KEPULAUAN SERIBU,01,8a8c13d8bb9ffff
p007,Kepulauan Seribu - Pulau Pari,tourist attraction,DKI JAKARTA,31,KEPULAUAN SERIBU,01,8a8c13d8baaffff
p007,Kepulauan Seribu - Pulau Pari,tourist attraction,DKI JAKARTA,31,KEPULAUAN SERIBU,01,8a8c13d8bab7fff
p007,Kepulauan Seribu - Pulau Pari,tourist attraction,DKI JAKARTA,31,KEPULAUAN SERIBU,01,8a8c13d8b117fff
p007,Kepulauan Seribu - Pulau Pari,tourist attraction,DKI JAKARTA,31,KEPULAUAN SERIBU,01,8a8c13d8bc47fff
p007,Kepulauan Seribu - Pulau Pari,tourist attraction,DKI JAKARTA,31,KEPULAUAN SERIBU,01,8a8c13d8ba97fff
p007,Kepulauan Seribu - Pulau Pari,tourist attraction,DKI JAKARTA,31,KEPULAUAN SERIBU,01,8a8c13c16d37fff
p007,Kepulauan Seribu - Pulau Pari,tourist attraction,DKI JAKARTA,31,KEPULAUAN SERIBU,01,8a8c13d8ba07fff
p007,Kepulauan Seribu - Pulau Pari,tourist attraction,DKI JAKARTA,31,KEPULAUAN SERIBU,01,8a8c13d8baa7fff
p007,Kepulauan Seribu - Pulau Pari,tourist attraction,DKI JAKARTA,31,KEPULAUAN SERIBU,01,8a8c13d8bae7fff
p007,Kepulauan Seribu - Pulau Pari,tourist attraction,DKI JAKARTA,31,KEPULAUAN SERIBU,01,8a8c13d8b167fff
p007,Kepulauan Seribu - Pulau Pari,tourist attraction,DKI JAKARTA,31,KEPULAUAN SERIBU,01,8a8c13d8ba6ffff
p007,Kepulauan Seribu - Pulau Pari,tourist attraction,DKI JAKARTA,31,KEPULAUAN SERIBU,01,8a8c13d8ba57fff
p007,Kepulauan Seribu - Pulau Pari,tourist attraction,DKI JAKARTA,31,KEPULAUAN SERIBU,01,8a8c13d8badffff
p007,Kepulauan Seribu - Pulau Pari,tourist attraction,DKI JAKARTA,31,KEPULAUAN SERIBU,01,8a8c13d8ba47fff
p007,Kepulauan Seribu - Pulau Pari,tourist attraction,DKI JAKARTA,31,KEPULAUAN SERIBU,01,8a8c13d8baf7fff
p007,Kepulauan Seribu - Pulau Pari,tourist attraction,DKI JAKARTA,31,KEPULAUAN SERIBU,01,8a8c13d8bb8ffff
p007,Kepulauan Seribu - Pulau Pari,tourist attraction,DKI JAKARTA,31,KEPULAUAN SERIBU,01,8a8c13c16daffff
p007,Kepulauan Seribu - Pulau Pari,tourist attraction,DKI JAKARTA,31,KEPULAUAN SERIBU,01,8a8c13d8bad7fff
p007,Kepulauan Seribu - Pulau Pari,tourist attraction,DKI JAKARTA,31,KEPULAUAN SERIBU,01,8a8c13d8ba37fff
p007,Kepulauan Seribu - Pulau Pari,tourist attraction,DKI JAKARTA,31,KEPULAUAN SERIBU,01,8a8c13c16d27fff
p007,Kepulauan Seribu - Pulau Pari,tourist attraction,DKI JAKARTA,31,KEPULAUAN SERIBU,01,8a8c13d8b16ffff
p007,Kepulauan Seribu - Pulau Pari,tourist attraction,DKI JAKARTA,31,KEPULAUAN SERIBU,01,8a8c13d8ba1ffff
p007,Kepulauan Seribu - Pulau Pari,tourist attraction,DKI JAKARTA,31,KEPULAUAN SERIBU,01,8a8c13c16997fff
p007,Kepulauan Seribu - Pulau Pari,tourist attraction,DKI JAKARTA,31,KEPULAUAN SERIBU,01,8a8c13d8bb97fff
p007,Kepulauan Seribu - Pulau Pari,tourist attraction,DKI JAKARTA,31,KEPULAUAN SERIBU,01,8a8c13d8b177fff
p007,Kepulauan Seribu - Pulau Pari,tourist attraction,DKI JAKARTA,31,KEPULAUAN SERIBU,01,8a8c13c16d07fff
p007,Kepulauan Seribu - Pulau Pari,tourist attraction,DKI JAKARTA,31,KEPULAUAN SERIBU,01,8a8c13d8b14ffff
p007,Kepulauan Seribu - Pulau Pari,tourist attraction,DKI JAKARTA,31,KEPULAUAN SERIBU,01,8a8c13d8b067fff
p007,Kepulauan Seribu - Pulau Pari,tourist attraction,DKI JAKARTA,31,KEPULAUAN SERIBU,01,8a8c13d8bc4ffff
p007,Kepulauan Seribu - Pulau Pari,tourist attraction,DKI JAKARTA,31,KEPULAUAN SERIBU,01,8a8c13d8b8dffff
p007,Kepulauan Seribu - Pulau Pari,tourist attraction,DKI JAKARTA,31,KEPULAUAN SERIBU,01,8a8c13d8baeffff
p007,Kepulauan Seribu - Pulau Pari,tourist attraction,DKI JAKARTA,31,KEPULAUAN SERIBU,01,8a8c13d8b137fff
p007,Kepulauan Seribu - Pulau Pari,tourist attraction,DKI JAKARTA,31,KEPULAUAN SERIBU,01,8a8c13c16d67fff
p007,Kepulauan Seribu - Pulau Pari,tourist attraction,DKI JAKARTA,31,KEPULAUAN SERIBU,01,8a8c13d8b327fff
p007,Kepulauan Seribu - Pulau Pari,tourist attraction,DKI JAKARTA,31,KEPULAUAN SERIBU,01,8a8c13d8b02ffff
p007,Kepulauan Seribu - Pulau Pari,tourist attraction,DKI JAKARTA,31,KEPULAUAN SERIBU,01,8a8c13d8b15ffff
p007,Kepulauan Seribu - Pulau Pari,tourist attraction,DKI JAKARTA,31,KEPULAUAN SERIBU,01,8a8c13d8969ffff
p007,Kepulauan Seribu - Pulau Pari,tourist attraction,DKI JAKARTA,31,KEPULAUAN SERIBU,01,8a8c13d8b367fff
p007,Kepulauan Seribu - Pulau Pari,tourist attraction,DKI JAKARTA,31,KEPULAUAN SERIBU,01,8a8c13d8968ffff
p007,Kepulauan Seribu - Pulau Pari,tourist attraction,DKI JAKARTA,31,KEPULAUAN SERIBU,01,8a8c13c16d17fff
p007,Kepulauan Seribu - Pulau Pari,tourist attraction,DKI JAKARTA,31,KEPULAUAN SERIBU,01,8a8c13d8b89ffff
p007,Kepulauan Seribu - Pulau Pari,tourist attraction,DKI JAKARTA,31,KEPULAUAN SERIBU,01,8a8c13d8b127fff
p007,Kepulauan Seribu - Pulau Pari,tourist attraction,DKI JAKARTA,31,KEPULAUAN SERIBU,01,8a8c13d8b027fff
p007,Kepulauan Seribu - Pulau Pari,tourist attraction,DKI JAKARTA,31,KEPULAUAN SERIBU,01,8a8c13d8b06ffff
p007,Kepulauan Seribu - Pulau Pari,tourist attraction,DKI JAKARTA,31,KEPULAUAN SERIBU,01,8a8c13d8ba77fff
p007,Kepulauan Seribu - Pulau Pari,tourist attraction,DKI JAKARTA,31,KEPULAUAN SERIBU,01,8a8c13d89697fff
p007,Kepulauan Seribu - Pulau Pari,tourist attraction,DKI JAKARTA,31,KEPULAUAN SERIBU,01,8a8c13c16d0ffff
p007,Kepulauan Seribu - Pulau Pari,tourist attraction,DKI JAKARTA,31,KEPULAUAN SERIBU,01,8a8c13d8bb87fff
p007,Kepulauan Seribu - Pulau Pari,tourist attraction,DKI JAKARTA,31,KEPULAUAN SERIBU,01,8a8c13d8bc67fff
p007,Kepulauan Seribu - Pulau Pari,tourist attraction,DKI JAKARTA,31,KEPULAUAN SERIBU,01,8a8c13d896d7fff
p007,Kepulauan Seribu - Pulau Pari,tourist attraction,DKI JAKARTA,31,KEPULAUAN SERIBU,01,8a8c13d8bc2ffff
p007,Kepulauan Seribu - Pulau Pari,tourist attraction,DKI JAKARTA,31,KEPULAUAN SERIBU,01,8a8c13d8ba0ffff
p007,Kepulauan Seribu - Pulau Pari,tourist attraction,DKI JAKARTA,31,KEPULAUAN SERIBU,01,8a8c13c16d77fff
p007,Kepulauan Seribu - Pulau Pari,tourist attraction,DKI JAKARTA,31,KEPULAUAN SERIBU,01,8a8c13d8bacffff
p007,Kepulauan Seribu - Pulau Pari,tourist attraction,DKI JAKARTA,31,KEPULAUAN SERIBU,01,8a8c13c16d87fff
p007,Kepulauan Seribu - Pulau Pari,tourist attraction,DKI JAKARTA,31,KEPULAUAN SERIBU,01,8a8c13d8ba67fff
p007,Kepulauan Seribu - Pulau Pari,tourist attraction,DKI JAKARTA,31,KEPULAUAN SERIBU,01,8a8c13d8bd5ffff
p007,Kepulauan Seribu - Pulau Pari,tourist attraction,DKI JAKARTA,31,KEPULAUAN SERIBU,01,8a8c13d8b8cffff
p007,Kepulauan Seribu - Pulau Pari,tourist attraction,DKI JAKARTA,31,KEPULAUAN SERIBU,01,8a8c13c16d1ffff
p007,Kepulauan Seribu - Pulau Pari,tourist attraction,DKI JAKARTA,31,KEPULAUAN SERIBU,01,8a8c13d8b8d7fff
p007,Kepulauan Seribu - Pulau Pari,tourist attraction,DKI JAKARTA,31,KEPULAUAN SERIBU,01,8a8c13d896c7fff
p007,Kepulauan Seribu - Pulau Pari,tourist attraction,DKI JAKARTA,31,KEPULAUAN SERIBU,01,8a8c13d8b077fff
p008,Monumen Nasional,tourist attraction,DKI JAKARTA,31,JAKARTA PUSAT,73,8a8c1079ba17fff
p008,Monumen Nasional,tourist attraction,DKI JAKARTA,31,JAKARTA PUSAT,73,8a8c1079bba7fff
p008,Monumen Nasional,tourist attraction,DKI JAKARTA,31,JAKARTA PUSAT,73,8a8c1079bb1ffff
p008,Monumen Nasional,tourist attraction,DKI JAKARTA,31,JAKARTA PUSAT,73,8a8c1079ba37fff
p008,Monumen Nasional,tourist attraction,DKI JAKARTA,31,JAKARTA PUSAT,73,8a8c1079b94ffff
p008,Monumen Nasional,tourist attraction,DKI JAKARTA,31,JAKARTA PUSAT,73,8a8c1079b8effff
p008,Monumen Nasional,tourist attraction,DKI JAKARTA,31,JAKARTA PUSAT,73,8a8c1079941ffff
p008,Monumen Nasional,tourist attraction,DKI JAKARTA,31,JAKARTA PUSAT,73,8a8c1079bb2ffff
p008,Monumen Nasional,tourist attraction,DKI JAKARTA,31,JAKARTA PUSAT,73,8a8c1079bb97fff
p008,Monumen Nasional,tourist attraction,DKI JAKARTA,31,JAKARTA PUSAT,73,8a8c1079bb17fff
p008,Monumen Nasional,tourist attraction,DKI JAKARTA,31,JAKARTA PUSAT,73,8a8c107994f7fff
p008,Monumen Nasional,tourist attraction,DKI JAKARTA,31,JAKARTA PUSAT,73,8a8c1079b857fff
p008,Monumen Nasional,tourist attraction,DKI JAKARTA,31,JAKARTA PUSAT,73,8a8c10799417fff
p008,Monumen Nasional,tourist attraction,DKI JAKARTA,31,JAKARTA PUSAT,73,8a8c1079949ffff
p008,Monumen Nasional,tourist attraction,DKI JAKARTA,31,JAKARTA PUSAT,73,8a8c107994b7fff
p008,Monumen Nasional,tourist attraction,DKI JAKARTA,31,JAKARTA PUSAT,73,8a8c1079b877fff
p008,Monumen Nasional,tourist attraction,DKI JAKARTA,31,JAKARTA PUSAT,73,8a8c1079bb07fff
p008,Monumen Nasional,tourist attraction,DKI JAKARTA,31,JAKARTA PUSAT,73,8a8c1079ba07fff
p008,Monumen Nasional,tourist attraction,DKI JAKARTA,31,JAKARTA PUSAT,73,8a8c10799487fff
p008,Monumen Nasional,tourist attraction,DKI JAKARTA,31,JAKARTA PUSAT,73,8a8c107994dffff
p008,Monumen Nasional,tourist attraction,DKI JAKARTA,31,JAKARTA PUSAT,73,8a8c1079bb87fff
p008,Monumen Nasional,tourist attraction,DKI JAKARTA,31,JAKARTA PUSAT,73,8a8c1079948ffff
p008,Monumen Nasional,tourist attraction,DKI JAKARTA,31,JAKARTA PUSAT,73,8a8c1079bb37fff
p008,Monumen Nasional,tourist attraction,DKI JAKARTA,31,JAKARTA PUSAT,73,8a8c107994a7fff
p008,Monumen Nasional,tourist attraction,DKI JAKARTA,31,JAKARTA PUSAT,73,8a8c1079958ffff
p008,Monumen Nasional,tourist attraction,DKI JAKARTA,31,JAKARTA PUSAT,73,8a8c10799497fff
p008,Monumen Nasional,tourist attraction,DKI JAKARTA,31,JAKARTA PUSAT,73,8a8c1079bb27fff
p008,Monumen Nasional,tourist attraction,DKI JAKARTA,31,JAKARTA PUSAT,73,8a8c1079b847fff
p008,Monumen Nasional,tourist attraction,DKI JAKARTA,31,JAKARTA PUSAT,73,8a8c107994e7fff
p008,Monumen Nasional,tourist attraction,DKI JAKARTA,31,JAKARTA PUSAT,73,8a8c107994effff
p008,Monumen Nasional,tourist attraction,DKI JAKARTA,31,JAKARTA PUSAT,73,8a8c1079bb0ffff
p008,Monumen Nasional,tourist attraction,DKI JAKARTA,31,JAKARTA PUSAT,73,8a8c1079bbb7fff
p008,Monumen Nasional,tourist attraction,DKI JAKARTA,31,JAKARTA PUSAT,73,8a8c10799597fff
p008,Monumen Nasional,tourist attraction,DKI JAKARTA,31,JAKARTA PUSAT,73,8a8c107994d7fff
p008,Monumen Nasional,tourist attraction,DKI JAKARTA,31,JAKARTA PUSAT,73,8a8c1079bbaffff
p008,Monumen Nasional,tourist attraction,DKI JAKARTA,31,JAKARTA PUSAT,73,8a8c1079b95ffff
p008,Monumen Nasional,tourist attraction,DKI JAKARTA,31,JAKARTA PUSAT,73,8a8c1079b85ffff
p008,Monumen Nasional,tourist attraction,DKI JAKARTA,31,JAKARTA PUSAT,73,8a8c1079b867fff
p008,Monumen Nasional,tourist attraction,DKI JAKARTA,31,JAKARTA PUSAT,73,8a8c1079959ffff
p008,Monumen Nasional,tourist attraction,DKI JAKARTA,31,JAKARTA PUSAT,73,8a8c1079b84ffff
p008,Monumen Nasional,tourist attraction,DKI JAKARTA,31,JAKARTA PUSAT,73,8a8c107994c7fff
p008,Monumen Nasional,tourist attraction,DKI JAKARTA,31,JAKARTA PUSAT,73,8a8c107994affff
p008,Monumen Nasional,tourist attraction,DKI JAKARTA,31,JAKARTA PUSAT,73,8a8c10799437fff
p008,Monumen Nasional,tourist attraction,DKI JAKARTA,31,JAKARTA PUSAT,73,8a8c1079b86ffff
p008,Monumen Nasional,tourist attraction,DKI JAKARTA,31,JAKARTA PUSAT,73,8a8c10799407fff
p008,Monumen Nasional,tourist attraction,DKI JAKARTA,31,JAKARTA PUSAT,73,8a8c1079bb9ffff
p008,Monumen Nasional,tourist attraction,DKI JAKARTA,31,JAKARTA PUSAT,73,8a8c1079b96ffff
p008,Monumen Nasional,tourist attraction,DKI JAKARTA,31,JAKARTA PUSAT,73,8a8c10799587fff
p008,Monumen Nasional,tourist attraction,DKI JAKARTA,31,JAKARTA PUSAT,73,8a8c1079bb8ffff
p008,Monumen Nasional,tourist attraction,DKI JAKARTA,31,JAKARTA PUSAT,73,8a8c1079b8cffff
p008,Monumen Nasional,tourist attraction,DKI JAKARTA,31,JAKARTA PUSAT,73,8a8c1079b82ffff
p008,Monumen Nasional,tourist attraction,DKI JAKARTA,31,JAKARTA PUSAT,73,8a8c107995b7fff
p008,Monumen Nasional,tourist attraction,DKI JAKARTA,31,JAKARTA PUSAT,73,8a8c1079bb77fff
p008,Monumen Nasional,tourist attraction,DKI JAKARTA,31,JAKARTA PUSAT,73,8a8c1079b8c7fff
p008,Monumen Nasional,tourist attraction,DKI JAKARTA,31,JAKARTA PUSAT,73,8a8c1079b80ffff
p008,Monumen Nasional,tourist attraction,DKI JAKARTA,31,JAKARTA PUSAT,73,8a8c1079b8e7fff
p008,Monumen Nasional,tourist attraction,DKI JAKARTA,31,JAKARTA PUSAT,73,8a8c1079ba27fff
p008,Monumen Nasional,tourist attraction,DKI JAKARTA,31,JAKARTA PUSAT,73,8a8c1079940ffff
p008,Monumen Nasional,tourist attraction,DKI JAKARTA,31,JAKARTA PUSAT,73,8a8c10799457fff
p008,Monumen Nasional,tourist attraction,DKI JAKARTA,31,JAKARTA PUSAT,73,8a8c1079baa7fff
p008,Monumen Nasional,tourist attraction,DKI JAKARTA,31,JAKARTA PUSAT,73,8a8c107994cffff
p008,Monumen Nasional,tourist attraction,DKI JAKARTA,31,JAKARTA PUSAT,73,8a8c1079b947fff
p008,Monumen Nasional,tourist attraction,DKI JAKARTA,31,JAKARTA PUSAT,73,8a8c1079b967fff
p008,Monumen Nasional,tourist attraction,DKI JAKARTA,31,JAKARTA PUSAT,73,8a8c1079baaffff
p008,Monumen Nasional,tourist attraction,DKI JAKARTA,31,JAKARTA PUSAT,73,8a8c1079bb57fff
p009,Pantjoran Chinatown PIK,cultural tourism,DKI JAKARTA,31,JAKARTA UTARA,75,8a8c1069c34ffff
p009,Pantjoran Chinatown PIK,cultural tourism,DKI JAKARTA,31,JAKARTA UTARA,75,8a8c1069c38ffff
p009,Pantjoran Chinatown PIK,cultural tourism,DKI JAKARTA,31,JAKARTA UTARA,75,8a8c1069c28ffff
p009,Pantjoran Chinatown PIK,cultural tourism,DKI JAKARTA,31,JAKARTA UTARA,75,8a8c1069c3affff
p009,Pantjoran Chinatown PIK,cultural tourism,DKI JAKARTA,31,JAKARTA UTARA,75,8a8c1069c31ffff
p009,Pantjoran Chinatown PIK,cultural tourism,DKI JAKARTA,31,JAKARTA UTARA,75,8a8c1069dca7fff
p009,Pantjoran Chinatown PIK,cultural tourism,DKI JAKARTA,31,JAKARTA UTARA,75,8a8c1069c2a7fff
p009,Pantjoran Chinatown PIK,cultural tourism,DKI JAKARTA,31,JAKARTA UTARA,75,8a8c1069c35ffff
p009,Pantjoran Chinatown PIK,cultural tourism,DKI JAKARTA,31,JAKARTA UTARA,75,8a8c1069c227fff
p009,Pantjoran Chinatown PIK,cultural tourism,DKI JAKARTA,31,JAKARTA UTARA,75,8a8c1069c317fff
p009,Pantjoran Chinatown PIK,cultural tourism,DKI JAKARTA,31,JAKARTA UTARA,75,8a8c1069c21ffff
p009,Pantjoran Chinatown PIK,cultural tourism,DKI JAKARTA,31,JAKARTA UTARA,75,8a8c1069c3a7fff
p009,Pantjoran Chinatown PIK,cultural tourism,DKI JAKARTA,31,JAKARTA UTARA,75,8a8c1069c20ffff
p009,Pantjoran Chinatown PIK,cultural tourism,DKI JAKARTA,31,JAKARTA UTARA,75,8a8c1069c2e7fff
p009,Pantjoran Chinatown PIK,cultural tourism,DKI JAKARTA,31,JAKARTA UTARA,75,8a8c1069c2affff
p009,Pantjoran Chinatown PIK,cultural tourism,DKI JAKARTA,31,JAKARTA UTARA,75,8a8c1069dc17fff
p009,Pantjoran Chinatown PIK,cultural tourism,DKI JAKARTA,31,JAKARTA UTARA,75,8a8c1069c207fff
p009,Pantjoran Chinatown PIK,cultural tourism,DKI JAKARTA,31,JAKARTA UTARA,75,8a8c1069c237fff
p009,Pantjoran Chinatown PIK,cultural tourism,DKI JAKARTA,31,JAKARTA UTARA,75,8a8c1069c277fff
p009,Pantjoran Chinatown PIK,cultural tourism,DKI JAKARTA,31,JAKARTA UTARA,75,8a8c1069dc87fff
p009,Pantjoran Chinatown PIK,cultural tourism,DKI JAKARTA,31,JAKARTA UTARA,75,8a8c1069c267fff
p009,Pantjoran Chinatown PIK,cultural tourism,DKI JAKARTA,31,JAKARTA UTARA,75,8a8c1069dcb7fff
p009,Pantjoran Chinatown PIK,cultural tourism,DKI JAKARTA,31,JAKARTA UTARA,75,8a8c1069c217fff
p009,Pantjoran Chinatown PIK,cultural tourism,DKI JAKARTA,31,JAKARTA UTARA,75,8a8c1069c22ffff
p009,Pantjoran Chinatown PIK,cultural tourism,DKI JAKARTA,31,JAKARTA UTARA,75,8a8c1069c387fff
p009,Pantjoran Chinatown PIK,cultural tourism,DKI JAKARTA,31,JAKARTA UTARA,75,8a8c1069c2f7fff
p009,Pantjoran Chinatown PIK,cultural tourism,DKI JAKARTA,31,JAKARTA UTARA,75,8a8c1069dd8ffff
p009,Pantjoran Chinatown PIK,cultural tourism,DKI JAKARTA,31,JAKARTA UTARA,75,8a8c1069dc97fff
p009,Pantjoran Chinatown PIK,cultural tourism,DKI JAKARTA,31,JAKARTA UTARA,75,8a8c1069dd9ffff
p009,Pantjoran Chinatown PIK,cultural tourism,DKI JAKARTA,31,JAKARTA UTARA,75,8a8c1069c36ffff
p010,Setu Babakan,cultural tourism,DKI JAKARTA,31,JAKARTA SELATAN,71,8a8c1071cd5ffff
p010,Setu Babakan,cultural tourism,DKI JAKARTA,31,JAKARTA SELATAN,71,8a8c10711237fff
p010,Setu Babakan,cultural tourism,DKI JAKARTA,31,JAKARTA SELATAN,71,8a8c1071135ffff
p010,Setu Babakan,cultural tourism,DKI JAKARTA,31,JAKARTA SELATAN,71,8a8c10711267fff
p010,Setu Babakan,cultural tourism,DKI JAKARTA,31,JAKARTA SELATAN,71,8a8c1071cc97fff
p010,Setu Babakan,cultural tourism,DKI JAKARTA,31,JAKARTA SELATAN,71,8a8c1071cd4ffff
p010,Setu Babakan,cultural tourism,DKI JAKARTA,31,JAKARTA SELATAN,71,8a8c1071cc0ffff
p010,Setu Babakan,cultural tourism,DKI JAKARTA,31,JAKARTA SELATAN,71,8a8c1071cc67fff
p010,Setu Babakan,cultural tourism,DKI JAKARTA,31,JAKARTA SELATAN,71,8a8c10711357fff
p010,Setu Babakan,cultural tourism,DKI JAKARTA,31,JAKARTA SELATAN,71,8a8c1071cc9ffff
p010,Setu Babakan,cultural tourism,DKI JAKARTA,31,JAKARTA SELATAN,71,8a8c1071cc87fff
p010,Setu Babakan,cultural tourism,DKI JAKARTA,31,JAKARTA SELATAN,71,8a8c1071ccf7fff
p010,Setu Babakan,cultural tourism,DKI JAKARTA,31,JAKARTA SELATAN,71,8a8c1071cc07fff
p010,Setu Babakan,cultural tourism,DKI JAKARTA,31,JAKARTA SELATAN,71,8a8c1071126ffff
p010,Setu Babakan,cultural tourism,DKI JAKARTA,31,JAKARTA SELATAN,71,8a8c1071c89ffff
p010,Setu Babakan,cultural tourism,DKI JAKARTA,31,JAKARTA SELATAN,71,8a8c1071cca7fff
p010,Setu Babakan,cultural tourism,DKI JAKARTA,31,JAKARTA SELATAN,71,8a8c1071122ffff
p010,Setu Babakan,cultural tourism,DKI JAKARTA,31,JAKARTA SELATAN,71,8a8c10711227fff
p010,Setu Babakan,cultural tourism,DKI JAKARTA,31,JAKARTA SELATAN,71,8a8c1071cc17fff
p010,Setu Babakan,cultural tourism,DKI JAKARTA,31,JAKARTA SELATAN,71,8a8c1071cc1ffff
p010,Setu Babakan,cultural tourism,DKI JAKARTA,31,JAKARTA SELATAN,71,8a8c107112e7fff
p010,Setu Babakan,cultural tourism,DKI JAKARTA,31,JAKARTA SELATAN,71,8a8c10711207fff
p010,Setu Babakan,cultural tourism,DKI JAKARTA,31,JAKARTA SELATAN,71,8a8c1071ccaffff
p010,Setu Babakan,cultural tourism,DKI JAKARTA,31,JAKARTA SELATAN,71,8a8c1071134ffff
p010,Setu Babakan,cultural tourism,DKI JAKARTA,31,JAKARTA SELATAN,71,8a8c1071cc2ffff
p010,Setu Babakan,cultural tourism,DKI JAKARTA,31,JAKARTA SELATAN,71,8a8c1071c897fff
p010,Setu Babakan,cultural tourism,DKI JAKARTA,31,JAKARTA SELATAN,71,8a8c1071cc77fff
p010,Setu Babakan,cultural tourism,DKI JAKARTA,31,JAKARTA SELATAN,71,8a8c1071130ffff
p010,Setu Babakan,cultural tourism,DKI JAKARTA,31,JAKARTA SELATAN,71,8a8c1071ccb7fff
p010,Setu Babakan,cultural tourism,DKI JAKARTA,31,JAKARTA SELATAN,71,8a8c1071c887fff
p010,Setu Babakan,cultural tourism,DKI JAKARTA,31,JAKARTA SELATAN,71,8a8c1071cc6ffff
p010,Setu Babakan,cultural tourism,DKI JAKARTA,31,JAKARTA SELATAN,71,8a8c1071120ffff
p010,Setu Babakan,cultural tourism,DKI JAKARTA,31,JAKARTA SELATAN,71,8a8c1071121ffff
p010,Setu Babakan,cultural tourism,DKI JAKARTA,31,JAKARTA SELATAN,71,8a8c10711217fff
p010,Setu Babakan,cultural tourism,DKI JAKARTA,31,JAKARTA SELATAN,71,8a8c107112f7fff
p010,Setu Babakan,cultural tourism,DKI JAKARTA,31,JAKARTA SELATAN,71,8a8c1071cce7fff
p010,Setu Babakan,cultural tourism,DKI JAKARTA,31,JAKARTA SELATAN,71,8a8c10711347fff
p010,Setu Babakan,cultural tourism,DKI JAKARTA,31,JAKARTA SELATAN,71,8a8c1071136ffff
p010,Setu Babakan,cultural tourism,DKI JAKARTA,31,JAKARTA SELATAN,71,8a8c1071cd47fff
p010,Setu Babakan,cultural tourism,DKI JAKARTA,31,JAKARTA SELATAN,71,8a8c1071cc8ffff
p010,Setu Babakan,cultural tourism,DKI JAKARTA,31,JAKARTA SELATAN,71,8a8c1071131ffff
p010,Setu Babakan,cultural tourism,DKI JAKARTA,31,JAKARTA SELATAN,71,8a8c1071c88ffff
p010,Setu Babakan,cultural tourism,DKI JAKARTA,31,JAKARTA SELATAN,71,8a8c1071cd8ffff
p010,Setu Babakan,cultural tourism,DKI JAKARTA,31,JAKARTA SELATAN,71,8a8c1071cd9ffff
p011,Taman Impian Jaya Ancol,tourist attraction,DKI JAKARTA,31,JAKARTA UTARA,75,8a8c106b615ffff
p011,Taman Impian Jaya Ancol,tourist attraction,DKI JAKARTA,31,JAKARTA UTARA,75,8a8c106b6a87fff
p011,Taman Impian Jaya Ancol,tourist attraction,DKI JAKARTA,31,JAKARTA UTARA,75,8a8c106b6acffff
p011,Taman Impian Jaya Ancol,tourist attraction,DKI JAKARTA,31,JAKARTA UTARA,75,8a8c106b639ffff
p011,Taman Impian Jaya Ancol,tourist attraction,DKI JAKARTA,31,JAKARTA UTARA,75,8a8c12b6b237fff
p011,Taman Impian Jaya Ancol,tourist attraction,DKI JAKARTA,31,JAKARTA UTARA,75,8a8c106b62effff
p011,Taman Impian Jaya Ancol,tourist attraction,DKI JAKARTA,31,JAKARTA UTARA,75,8a8c106b0d97fff
p011,Taman Impian Jaya Ancol,tourist attraction,DKI JAKARTA,31,JAKARTA UTARA,75,8a8c106b614ffff
p011,Taman Impian Jaya Ancol,tourist attraction,DKI JAKARTA,31,JAKARTA UTARA,75,8a8c106b6237fff
p011,Taman Impian Jaya Ancol,tourist attraction,DKI JAKARTA,31,JAKARTA UTARA,75,8a8c106b638ffff
p011,Taman Impian Jaya Ancol,tourist attraction,DKI JAKARTA,31,JAKARTA UTARA,75,8a8c12b6b057fff
p011,Taman Impian Jaya Ancol,tourist attraction,DKI JAKARTA,31,JAKARTA UTARA,75,8a8c106b62a7fff
p011,Taman Impian Jaya Ancol,tourist attraction,DKI JAKARTA,31,JAKARTA UTARA,75,8a8c106b60cffff
p011,Taman Impian Jaya Ancol,tourist attraction,DKI JAKARTA,31,JAKARTA UTARA,75,8a8c106b6177fff
p011,Taman Impian Jaya Ancol,tourist attraction,DKI JAKARTA,31,JAKARTA UTARA,75,8a8c106b6577fff
p011,Taman Impian Jaya Ancol,tourist attraction,DKI JAKARTA,31,JAKARTA UTARA,75,8a8c106b60f7fff
p011,Taman Impian Jaya Ancol,tourist attraction,DKI JAKARTA,31,JAKARTA UTARA,75,8a8c12b6b00ffff
p011,Taman Impian Jaya Ancol,tourist attraction,DKI JAKARTA,31,JAKARTA UTARA,75,8a8c106b62f7fff
p011,Taman Impian Jaya Ancol,tourist attraction,DKI JAKARTA,31,JAKARTA UTARA,75,8a8c106b6147fff
p011,Taman Impian Jaya Ancol,tourist attraction,DKI JAKARTA,31,JAKARTA UTARA,75,8a8c106b602ffff
p011,Taman Impian Jaya Ancol,tourist attraction,DKI JAKARTA,31,JAKARTA UTARA,75,8a8c106b612ffff
p011,Taman Impian Jaya Ancol,tourist attraction,DKI JAKARTA,31,JAKARTA UTARA,75,8a8c106b6327fff
p011,Taman Impian Jaya Ancol,tourist attraction,DKI JAKARTA,31,JAKARTA UTARA,75,8a8c106b6157fff
p011,Taman Impian Jaya Ancol,tourist attraction,DKI JAKARTA,31,JAKARTA UTARA,75,8a8c106b636ffff
p011,Taman Impian Jaya Ancol,tourist attraction,DKI JAKARTA,31,JAKARTA UTARA,75,8a8c106b600ffff
p011,Taman Impian Jaya Ancol,tourist attraction,DKI JAKARTA,31,JAKARTA UTARA,75,8a8c106b6007fff
p011,Taman Impian Jaya Ancol,tourist attraction,DKI JAKARTA,31,JAKARTA UTARA,75,8a8c106b631ffff
p011,Taman Impian Jaya Ancol,tourist attraction,DKI JAKARTA,31,JAKARTA UTARA,75,8a8c106b6cd7fff
p011,Taman Impian Jaya Ancol,tourist attraction,DKI JAKARTA,31,JAKARTA UTARA,75,8a8c106b635ffff
p011,Taman Impian Jaya Ancol,tourist attraction,DKI JAKARTA,31,JAKARTA UTARA,75,8a8c106b60c7fff
p011,Taman Impian Jaya Ancol,tourist attraction,DKI JAKARTA,31,JAKARTA UTARA,75,8a8c106b6ac7fff
p011,Taman Impian Jaya Ancol,tourist attraction,DKI JAKARTA,31,JAKARTA UTARA,75,8a8c12b6b0e7fff
p011,Taman Impian Jaya Ancol,tourist attraction,DKI JAKARTA,31,JAKARTA UTARA,75,8a8c106b6227fff
p011,Taman Impian Jaya Ancol,tourist attraction,DKI JAKARTA,31,JAKARTA UTARA,75,8a8c106b6ad7fff
p011,Taman Impian Jaya Ancol,tourist attraction,DKI JAKARTA,31,JAKARTA UTARA,75,8a8c106b62e7fff
p011,Taman Impian Jaya Ancol,tourist attraction,DKI JAKARTA,31,JAKARTA UTARA,75,8a8c106b63a7fff
p011,Taman Impian Jaya Ancol,tourist attraction,DKI JAKARTA,31,JAKARTA UTARA,75,8a8c106b6357fff
p011,Taman Impian Jaya Ancol,tourist attraction,DKI JAKARTA,31,JAKARTA UTARA,75,8a8c106b62dffff
p011,Taman Impian Jaya Ancol,tourist attraction,DKI JAKARTA,31,JAKARTA UTARA,75,8a8c106b6397fff
p011,Taman Impian Jaya Ancol,tourist attraction,DKI JAKARTA,31,JAKARTA UTARA,75,8a8c106b62c7fff
p011,Taman Impian Jaya Ancol,tourist attraction,DKI JAKARTA,31,JAKARTA UTARA,75,8a8c106b6307fff
p011,Taman Impian Jaya Ancol,tourist attraction,DKI JAKARTA,31,JAKARTA UTARA,75,8a8c106b616ffff
p011,Taman Impian Jaya Ancol,tourist attraction,DKI JAKARTA,31,JAKARTA UTARA,75,8a8c106b6137fff
p011,Taman Impian Jaya Ancol,tourist attraction,DKI JAKARTA,31,JAKARTA UTARA,75,8a8c106b63b7fff
p011,Taman Impian Jaya Ancol,tourist attraction,DKI JAKARTA,31,JAKARTA UTARA,75,8a8c106b6207fff
p011,Taman Impian Jaya Ancol,tourist attraction,DKI JAKARTA,31,JAKARTA UTARA,75,8a8c106b6257fff
p011,Taman Impian Jaya Ancol,tourist attraction,DKI JAKARTA,31,JAKARTA UTARA,75,8a8c106b605ffff
p011,Taman Impian Jaya Ancol,tourist attraction,DKI JAKARTA,31,JAKARTA UTARA,75,8a8c106b6077fff
p011,Taman Impian Jaya Ancol,tourist attraction,DKI JAKARTA,31,JAKARTA UTARA,75,8a8c106b0db7fff
p011,Taman Impian Jaya Ancol,tourist attraction,DKI JAKARTA,31,JAKARTA UTARA,75,8a8c106b601ffff
p011,Taman Impian Jaya Ancol,tourist attraction,DKI JAKARTA,31,JAKARTA UTARA,75,8a8c106b6037fff
p011,Taman Impian Jaya Ancol,tourist attraction,DKI JAKARTA,31,JAKARTA UTARA,75,8a8c106b6567fff
p011,Taman Impian Jaya Ancol,tourist attraction,DKI JAKARTA,31,JAKARTA UTARA,75,8a8c106b619ffff
p011,Taman Impian Jaya Ancol,tourist attraction,DKI JAKARTA,31,JAKARTA UTARA,75,8a8c106b6057fff
p011,Taman Impian Jaya Ancol,tourist attraction,DKI JAKARTA,31,JAKARTA UTARA,75,8a8c106b632ffff
p011,Taman Impian Jaya Ancol,tourist attraction,DKI JAKARTA,31,JAKARTA UTARA,75,8a8c106b6a8ffff
p011,Taman Impian Jaya Ancol,tourist attraction,DKI JAKARTA,31,JAKARTA UTARA,75,8a8c106b2977fff
p011,Taman Impian Jaya Ancol,tourist attraction,DKI JAKARTA,31,JAKARTA UTARA,75,8a8c106b634ffff
p011,Taman Impian Jaya Ancol,tourist attraction,DKI JAKARTA,31,JAKARTA UTARA,75,8a8c106b6277fff
p011,Taman Impian Jaya Ancol,tourist attraction,DKI JAKARTA,31,JAKARTA UTARA,75,8a8c106b60e7fff
p011,Taman Impian Jaya Ancol,tourist attraction,DKI JAKARTA,31,JAKARTA UTARA,75,8a8c12b6b3a7fff
p011,Taman Impian Jaya Ancol,tourist attraction,DKI JAKARTA,31,JAKARTA UTARA,75,8a8c106b620ffff
p011,Taman Impian Jaya Ancol,tourist attraction,DKI JAKARTA,31,JAKARTA UTARA,75,8a8c12b6b0cffff
p011,Taman Impian Jaya Ancol,tourist attraction,DKI JAKARTA,31,JAKARTA UTARA,75,8a8c106b2967fff
p011,Taman Impian Jaya Ancol,tourist attraction,DKI JAKARTA,31,JAKARTA UTARA,75,8a8c12b6b277fff
p011,Taman Impian Jaya Ancol,tourist attraction,DKI JAKARTA,31,JAKARTA UTARA,75,8a8c106b60affff
p011,Taman Impian Jaya Ancol,tourist attraction,DKI JAKARTA,31,JAKARTA UTARA,75,8a8c106b61a7fff
p011,Taman Impian Jaya Ancol,tourist attraction,DKI JAKARTA,31,JAKARTA UTARA,75,8a8c12b6b0c7fff
p011,Taman Impian Jaya Ancol,tourist attraction,DKI JAKARTA,31,JAKARTA UTARA,75,8a8c12b6b30ffff
p011,Taman Impian Jaya Ancol,tourist attraction,DKI JAKARTA,31,JAKARTA UTARA,75,8a8c106b6347fff
p011,Taman Impian Jaya Ancol,tourist attraction,DKI JAKARTA,31,JAKARTA UTARA,75,8a8c106b6377fff
p011,Taman Impian Jaya Ancol,tourist attraction,DKI JAKARTA,31,JAKARTA UTARA,75,8a8c106b0d9ffff
p011,Taman Impian Jaya Ancol,tourist attraction,DKI JAKARTA,31,JAKARTA UTARA,75,8a8c12b6b38ffff
p011,Taman Impian Jaya Ancol,tourist attraction,DKI JAKARTA,31,JAKARTA UTARA,75,8a8c12b6b0effff
p011,Taman Impian Jaya Ancol,tourist attraction,DKI JAKARTA,31,JAKARTA UTARA,75,8a8c106b611ffff
p011,Taman Impian Jaya Ancol,tourist attraction,DKI JAKARTA,31,JAKARTA UTARA,75,8a8c106b61b7fff
p011,Taman Impian Jaya Ancol,tourist attraction,DKI JAKARTA,31,JAKARTA UTARA,75,8a8c106b6adffff
p011,Taman Impian Jaya Ancol,tourist attraction,DKI JAKARTA,31,JAKARTA UTARA,75,8a8c106b652ffff
p011,Taman Impian Jaya Ancol,tourist attraction,DKI JAKARTA,31,JAKARTA UTARA,75,8a8c12b6b387fff
p011,Taman Impian Jaya Ancol,tourist attraction,DKI JAKARTA,31,JAKARTA UTARA,75,8a8c106b62cffff
p011,Taman Impian Jaya Ancol,tourist attraction,DKI JAKARTA,31,JAKARTA UTARA,75,8a8c12b6b22ffff
p011,Taman Impian Jaya Ancol,tourist attraction,DKI JAKARTA,31,JAKARTA UTARA,75,8a8c12b6b3b7fff
p011,Taman Impian Jaya Ancol,tourist attraction,DKI JAKARTA,31,JAKARTA UTARA,75,8a8c106b6c4ffff
p011,Taman Impian Jaya Ancol,tourist attraction,DKI JAKARTA,31,JAKARTA UTARA,75,8a8c106b6527fff
p011,Taman Impian Jaya Ancol,tourist attraction,DKI JAKARTA,31,JAKARTA UTARA,75,8a8c106b60a7fff
p011,Taman Impian Jaya Ancol,tourist attraction,DKI JAKARTA,31,JAKARTA UTARA,75,8a8c106b6af7fff
p011,Taman Impian Jaya Ancol,tourist attraction,DKI JAKARTA,31,JAKARTA UTARA,75,8a8c12b6b3affff
p011,Taman Impian Jaya Ancol,tourist attraction,DKI JAKARTA,31,JAKARTA UTARA,75,8a8c12b6b317fff
p011,Taman Impian Jaya Ancol,tourist attraction,DKI JAKARTA,31,JAKARTA UTARA,75,8a8c106b6027fff
p011,Taman Impian Jaya Ancol,tourist attraction,DKI JAKARTA,31,JAKARTA UTARA,75,8a8c106b610ffff
p011,Taman Impian Jaya Ancol,tourist attraction,DKI JAKARTA,31,JAKARTA UTARA,75,8a8c12b6b35ffff
p011,Taman Impian Jaya Ancol,tourist attraction,DKI JAKARTA,31,JAKARTA UTARA,75,8a8c106b656ffff
p011,Taman Impian Jaya Ancol,tourist attraction,DKI JAKARTA,31,JAKARTA UTARA,75,8a8c106b6547fff
p011,Taman Impian Jaya Ancol,tourist attraction,DKI JAKARTA,31,JAKARTA UTARA,75,8a8c12b6b357fff
p011,Taman Impian Jaya Ancol,tourist attraction,DKI JAKARTA,31,JAKARTA UTARA,75,8a8c106b6167fff
p011,Taman Impian Jaya Ancol,tourist attraction,DKI JAKARTA,31,JAKARTA UTARA,75,8a8c106b60effff
p011,Taman Impian Jaya Ancol,tourist attraction,DKI JAKARTA,31,JAKARTA UTARA,75,8a8c106b622ffff
p011,Taman Impian Jaya Ancol,tourist attraction,DKI JAKARTA,31,JAKARTA UTARA,75,8a8c106b6017fff
p011,Taman Impian Jaya Ancol,tourist attraction,DKI JAKARTA,31,JAKARTA UTARA,75,8a8c106b0d87fff
p011,Taman Impian Jaya Ancol,tourist attraction,DKI JAKARTA,31,JAKARTA UTARA,75,8a8c12b6b05ffff
p011,Taman Impian Jaya Ancol,tourist attraction,DKI JAKARTA,31,JAKARTA UTARA,75,8a8c106b608ffff
p011,Taman Impian Jaya Ancol,tourist attraction,DKI JAKARTA,31,JAKARTA UTARA,75,8a8c106b6127fff
p011,Taman Impian Jaya Ancol,tourist attraction,DKI JAKARTA,31,JAKARTA UTARA,75,8a8c106b6117fff
p011,Taman Impian Jaya Ancol,tourist attraction,DKI JAKARTA,31,JAKARTA UTARA,75,8a8c12b6b04ffff
p011,Taman Impian Jaya Ancol,tourist attraction,DKI JAKARTA,31,JAKARTA UTARA,75,8a8c106b6aa7fff
p011,Taman Impian Jaya Ancol,tourist attraction,DKI JAKARTA,31,JAKARTA UTARA,75,8a8c106b6387fff
p011,Taman Impian Jaya Ancol,tourist attraction,DKI JAKARTA,31,JAKARTA UTARA,75,8a8c12b6b26ffff
p011,Taman Impian Jaya Ancol,tourist attraction,DKI JAKARTA,31,JAKARTA UTARA,75,8a8c106b6a9ffff
p011,Taman Impian Jaya Ancol,tourist attraction,DKI JAKARTA,31,JAKARTA UTARA,75,8a8c12b6b15ffff
p011,Taman Impian Jaya Ancol,tourist attraction,DKI JAKARTA,31,JAKARTA UTARA,75,8a8c106b606ffff
p011,Taman Impian Jaya Ancol,tourist attraction,DKI JAKARTA,31,JAKARTA UTARA,75,8a8c106b6cdffff
p011,Taman Impian Jaya Ancol,tourist attraction,DKI JAKARTA,31,JAKARTA UTARA,75,8a8c106b6317fff
p011,Taman Impian Jaya Ancol,tourist attraction,DKI JAKARTA,31,JAKARTA UTARA,75,8a8c12b6b227fff
p011,Taman Impian Jaya Ancol,tourist attraction,DKI JAKARTA,31,JAKARTA UTARA,75,8a8c106b6087fff
p011,Taman Impian Jaya Ancol,tourist attraction,DKI JAKARTA,31,JAKARTA UTARA,75,8a8c12b6b207fff
p011,Taman Impian Jaya Ancol,tourist attraction,DKI JAKARTA,31,JAKARTA UTARA,75,8a8c106b6767fff
p011,Taman Impian Jaya Ancol,tourist attraction,DKI JAKARTA,31,JAKARTA UTARA,75,8a8c106b6ab7fff
p011,Taman Impian Jaya Ancol,tourist attraction,DKI JAKARTA,31,JAKARTA UTARA,75,8a8c106b62d7fff
p011,Taman Impian Jaya Ancol,tourist attraction,DKI JAKARTA,31,JAKARTA UTARA,75,8a8c106b6aaffff
p011,Taman Impian Jaya Ancol,tourist attraction,DKI JAKARTA,31,JAKARTA UTARA,75,8a8c12b6b247fff
p011,Taman Impian Jaya Ancol,tourist attraction,DKI JAKARTA,31,JAKARTA UTARA,75,8a8c106b6107fff
p011,Taman Impian Jaya Ancol,tourist attraction,DKI JAKARTA,31,JAKARTA UTARA,75,8a8c106b6247fff
p011,Taman Impian Jaya Ancol,tourist attraction,DKI JAKARTA,31,JAKARTA UTARA,75,8a8c106b62affff
p011,Taman Impian Jaya Ancol,tourist attraction,DKI JAKARTA,31,JAKARTA UTARA,75,8a8c106b61affff
p011,Taman Impian Jaya Ancol,tourist attraction,DKI JAKARTA,31,JAKARTA UTARA,75,8a8c106b604ffff
p011,Taman Impian Jaya Ancol,tourist attraction,DKI JAKARTA,31,JAKARTA UTARA,75,8a8c12b6b397fff
p011,Taman Impian Jaya Ancol,tourist attraction,DKI JAKARTA,31,JAKARTA UTARA,75,8a8c106b2947fff
p011,Taman Impian Jaya Ancol,tourist attraction,DKI JAKARTA,31,JAKARTA UTARA,75,8a8c106b2957fff
p011,Taman Impian Jaya Ancol,tourist attraction,DKI JAKARTA,31,JAKARTA UTARA,75,8a8c106b6067fff
p011,Taman Impian Jaya Ancol,tourist attraction,DKI JAKARTA,31,JAKARTA UTARA,75,8a8c106b6537fff
p011,Taman Impian Jaya Ancol,tourist attraction,DKI JAKARTA,31,JAKARTA UTARA,75,8a8c106b630ffff
p011,Taman Impian Jaya Ancol,tourist attraction,DKI JAKARTA,31,JAKARTA UTARA,75,8a8c106b6217fff
p011,Taman Impian Jaya Ancol,tourist attraction,DKI JAKARTA,31,JAKARTA UTARA,75,8a8c12b6b047fff
p011,Taman Impian Jaya Ancol,tourist attraction,DKI JAKARTA,31,JAKARTA UTARA,75,8a8c106b6367fff
p011,Taman Impian Jaya Ancol,tourist attraction,DKI JAKARTA,31,JAKARTA UTARA,75,8a8c106b618ffff
p011,Taman Impian Jaya Ancol,tourist attraction,DKI JAKARTA,31,JAKARTA UTARA,75,8a8c12b6b02ffff
p011,Taman Impian Jaya Ancol,tourist attraction,DKI JAKARTA,31,JAKARTA UTARA,75,8a8c106b6267fff
p011,Taman Impian Jaya Ancol,tourist attraction,DKI JAKARTA,31,JAKARTA UTARA,75,8a8c106b621ffff
p011,Taman Impian Jaya Ancol,tourist attraction,DKI JAKARTA,31,JAKARTA UTARA,75,8a8c106b6197fff
p011,Taman Impian Jaya Ancol,tourist attraction,DKI JAKARTA,31,JAKARTA UTARA,75,8a8c106b63affff
p011,Taman Impian Jaya Ancol,tourist attraction,DKI JAKARTA,31,JAKARTA UTARA,75,8a8c106b68d7fff
p011,Taman Impian Jaya Ancol,tourist attraction,DKI JAKARTA,31,JAKARTA UTARA,75,8a8c12b6b077fff
p011,Taman Impian Jaya Ancol,tourist attraction,DKI JAKARTA,31,JAKARTA UTARA,75,8a8c12b6b31ffff
p011,Taman Impian Jaya Ancol,tourist attraction,DKI JAKARTA,31,JAKARTA UTARA,75,8a8c106b6aeffff
p011,Taman Impian Jaya Ancol,tourist attraction,DKI JAKARTA,31,JAKARTA UTARA,75,8a8c12b6b267fff
p011,Taman Impian Jaya Ancol,tourist attraction,DKI JAKARTA,31,JAKARTA UTARA,75,8a8c12b6b06ffff
p011,Taman Impian Jaya Ancol,tourist attraction,DKI JAKARTA,31,JAKARTA UTARA,75,8a8c106b676ffff
p011,Taman Impian Jaya Ancol,tourist attraction,DKI JAKARTA,31,JAKARTA UTARA,75,8a8c106b6287fff
p011,Taman Impian Jaya Ancol,tourist attraction,DKI JAKARTA,31,JAKARTA UTARA,75,8a8c106b6337fff
p011,Taman Impian Jaya Ancol,tourist attraction,DKI JAKARTA,31,JAKARTA UTARA,75,8a8c106b6507fff
p011,Taman Impian Jaya Ancol,tourist attraction,DKI JAKARTA,31,JAKARTA UTARA,75,8a8c106b68dffff
p011,Taman Impian Jaya Ancol,tourist attraction,DKI JAKARTA,31,JAKARTA UTARA,75,8a8c106b6a97fff
p011,Taman Impian Jaya Ancol,tourist attraction,DKI JAKARTA,31,JAKARTA UTARA,75,8a8c106b6c9ffff
p011,Taman Impian Jaya Ancol,tourist attraction,DKI JAKARTA,31,JAKARTA UTARA,75,8a8c12b6b767fff
p011,Taman Impian Jaya Ancol,tourist attraction,DKI JAKARTA,31,JAKARTA UTARA,75,8a8c12b6b337fff
p011,Taman Impian Jaya Ancol,tourist attraction,DKI JAKARTA,31,JAKARTA UTARA,75,8a8c106b60b7fff
p011,Taman Impian Jaya Ancol,tourist attraction,DKI JAKARTA,31,JAKARTA UTARA,75,8a8c106b6047fff
p011,Taman Impian Jaya Ancol,tourist attraction,DKI JAKARTA,31,JAKARTA UTARA,75,8a8c106b6187fff
p011,Taman Impian Jaya Ancol,tourist attraction,DKI JAKARTA,31,JAKARTA UTARA,75,8a8c106b60d7fff
p011,Taman Impian Jaya Ancol,tourist attraction,DKI JAKARTA,31,JAKARTA UTARA,75,8a8c106b6c97fff
p011,Taman Impian Jaya Ancol,tourist attraction,DKI JAKARTA,31,JAKARTA UTARA,75,8a8c106b292ffff
p011,Taman Impian Jaya Ancol,tourist attraction,DKI JAKARTA,31,JAKARTA UTARA,75,8a8c106b60dffff
p011,Taman Impian Jaya Ancol,tourist attraction,DKI JAKARTA,31,JAKARTA UTARA,75,8a8c106b628ffff
p011,Taman Impian Jaya Ancol,tourist attraction,DKI JAKARTA,31,JAKARTA UTARA,75,8a8c106b6b9ffff
p011,Taman Impian Jaya Ancol,tourist attraction,DKI JAKARTA,31,JAKARTA UTARA,75,8a8c106b625ffff
p011,Taman Impian Jaya Ancol,tourist attraction,DKI JAKARTA,31,JAKARTA UTARA,75,8a8c106b62b7fff
p011,Taman Impian Jaya Ancol,tourist attraction,DKI JAKARTA,31,JAKARTA UTARA,75,8a8c106b689ffff
p011,Taman Impian Jaya Ancol,tourist attraction,DKI JAKARTA,31,JAKARTA UTARA,75,8a8c12b6b747fff
p011,Taman Impian Jaya Ancol,tourist attraction,DKI JAKARTA,31,JAKARTA UTARA,75,8a8c106b6c5ffff
p011,Taman Impian Jaya Ancol,tourist attraction,DKI JAKARTA,31,JAKARTA UTARA,75,8a8c106b0cb7fff
p011,Taman Impian Jaya Ancol,tourist attraction,DKI JAKARTA,31,JAKARTA UTARA,75,8a8c12b6b0f7fff
p011,Taman Impian Jaya Ancol,tourist attraction,DKI JAKARTA,31,JAKARTA UTARA,75,8a8c12b6b20ffff
p011,Taman Impian Jaya Ancol,tourist attraction,DKI JAKARTA,31,JAKARTA UTARA,75,8a8c12b6b01ffff
p011,Taman Impian Jaya Ancol,tourist attraction,DKI JAKARTA,31,JAKARTA UTARA,75,8a8c106b6c6ffff
p011,Taman Impian Jaya Ancol,tourist attraction,DKI JAKARTA,31,JAKARTA UTARA,75,8a8c106b6ae7fff
p011,Taman Impian Jaya Ancol,tourist attraction,DKI JAKARTA,31,JAKARTA UTARA,75,8a8c12b6b39ffff
p011,Taman Impian Jaya Ancol,tourist attraction,DKI JAKARTA,31,JAKARTA UTARA,75,8a8c12b6b217fff
p012,Taman Lapangan Banteng,park,DKI JAKARTA,31,JAKARTA PUSAT,73,8a8c1079b99ffff
p012,Taman Lapangan Banteng,park,DKI JAKARTA,31,JAKARTA PUSAT,73,8a8c1079bd6ffff
p012,Taman Lapangan Banteng,park,DKI JAKARTA,31,JAKARTA PUSAT,73,8a8c1079b997fff
p012,Taman Lapangan Banteng,park,DKI JAKARTA,31,JAKARTA PUSAT,73,8a8c1079bd67fff
p012,Taman Lapangan Banteng,park,DKI JAKARTA,31,JAKARTA PUSAT,73,8a8c1079bd47fff
p012,Taman Lapangan Banteng,park,DKI JAKARTA,31,JAKARTA PUSAT,73,8a8c1079b8b7fff
p012,Taman Lapangan Banteng,park,DKI JAKARTA,31,JAKARTA PUSAT,73,8a8c1079bd4ffff
p012,Taman Lapangan Banteng,park,DKI JAKARTA,31,JAKARTA PUSAT,73,8a8c1079bd5ffff
p012,Taman Lapangan Banteng,park,DKI JAKARTA,31,JAKARTA PUSAT,73,8a8c1079b897fff
p012,Taman Lapangan Banteng,park,DKI JAKARTA,31,JAKARTA PUSAT,73,8a8c1079bd77fff
p012,Taman Lapangan Banteng,park,DKI JAKARTA,31,JAKARTA PUSAT,73,8a8c1079bd57fff
p012,Taman Lapangan Banteng,park,DKI JAKARTA,31,JAKARTA PUSAT,73,8a8c107986dffff
p013,Taman Mini Indonesia Indah,tourist attraction,DKI JAKARTA,31,JAKARTA TIMUR,72,8a8c107a4aaffff
p013,Taman Mini Indonesia Indah,tourist attraction,DKI JAKARTA,31,JAKARTA TIMUR,72,8a8c107a4a97fff
p013,Taman Mini Indonesia Indah,tourist attraction,DKI JAKARTA,31,JAKARTA TIMUR,72,8a8c107a5467fff
p013,Taman Mini Indonesia Indah,tourist attraction,DKI JAKARTA,31,JAKARTA TIMUR,72,8a8c107a5c17fff
p013,Taman Mini Indonesia Indah,tourist attraction,DKI JAKARTA,31,JAKARTA TIMUR,72,8a8c107a434ffff
p013,Taman Mini Indonesia Indah,tourist attraction,DKI JAKARTA,31,JAKARTA TIMUR,72,8a8c107a4207fff
p013,Taman Mini Indonesia Indah,tourist attraction,DKI JAKARTA,31,JAKARTA TIMUR,72,8a8c107a5ca7fff
p013,Taman Mini Indonesia Indah,tourist attraction,DKI JAKARTA,31,JAKARTA TIMUR,72,8a8c107a404ffff
p013,Taman Mini Indonesia Indah,tourist attraction,DKI JAKARTA,31,JAKARTA TIMUR,72,8a8c107a5caffff
p013,Taman Mini Indonesia Indah,tourist attraction,DKI JAKARTA,31,JAKARTA TIMUR,72,8a8c107a556ffff
p013,Taman Mini Indonesia Indah,tourist attraction,DKI JAKARTA,31,JAKARTA TIMUR,72,8a8c107a4317fff
p013,Taman Mini Indonesia Indah,tourist attraction,DKI JAKARTA,31,JAKARTA TIMUR,72,8a8c107a5537fff
p013,Taman Mini Indonesia Indah,tourist attraction,DKI JAKARTA,31,JAKARTA TIMUR,72,8a8c107a5717fff
p013,Taman Mini Indonesia Indah,tourist attraction,DKI JAKARTA,31,JAKARTA TIMUR,72,8a8c107a4257fff
p013,Taman Mini Indonesia Indah,tourist attraction,DKI JAKARTA,31,JAKARTA TIMUR,72,8a8c107a414ffff
p013,Taman Mini Indonesia Indah,tourist attraction,DKI JAKARTA,31,JAKARTA TIMUR,72,8a8c107a4267fff
p013,Taman Mini Indonesia Indah,tourist attraction,DKI JAKARTA,31,JAKARTA TIMUR,72,8a8c107a551ffff
p013,Taman Mini Indonesia Indah,tourist attraction,DKI JAKARTA,31,JAKARTA TIMUR,72,8a8c107a550ffff
p013,Taman Mini Indonesia Indah,tourist attraction,DKI JAKARTA,31,JAKARTA TIMUR,72,8a8c107a5477fff
p013,Taman Mini Indonesia Indah,tourist attraction,DKI JAKARTA,31,JAKARTA TIMUR,72,8a8c107a4077fff
p013,Taman Mini Indonesia Indah,tourist attraction,DKI JAKARTA,31,JAKARTA TIMUR,72,8a8c107a5cc7fff
p013,Taman Mini Indonesia Indah,tourist attraction,DKI JAKARTA,31,JAKARTA TIMUR,72,8a8c107a5c1ffff
p013,Taman Mini Indonesia Indah,tourist attraction,DKI JAKARTA,31,JAKARTA TIMUR,72,8a8c107a431ffff
p013,Taman Mini Indonesia Indah,tourist attraction,DKI JAKARTA,31,JAKARTA TIMUR,72,8a8c107a57a7fff
p013,Taman Mini Indonesia Indah,tourist attraction,DKI JAKARTA,31,JAKARTA TIMUR,72,8a8c107a4a87fff
p013,Taman Mini Indonesia Indah,tourist attraction,DKI JAKARTA,31,JAKARTA TIMUR,72,8a8c107a43a7fff
p013,Taman Mini Indonesia Indah,tourist attraction,DKI JAKARTA,31,JAKARTA TIMUR,72,8a8c107a436ffff
p013,Taman Mini Indonesia Indah,tourist attraction,DKI JAKARTA,31,JAKARTA TIMUR,72,8a8c107a5cd7fff
p013,Taman Mini Indonesia Indah,tourist attraction,DKI JAKARTA,31,JAKARTA TIMUR,72,8a8c107a5577fff
p013,Taman Mini Indonesia Indah,tourist attraction,DKI JAKARTA,31,JAKARTA TIMUR,72,8a8c107a5437fff
p013,Taman Mini Indonesia Indah,tourist attraction,DKI JAKARTA,31,JAKARTA TIMUR,72,8a8c107a5197fff
p013,Taman Mini Indonesia Indah,tourist attraction,DKI JAKARTA,31,JAKARTA TIMUR,72,8a8c107a51b7fff
p013,Taman Mini Indonesia Indah,tourist attraction,DKI JAKARTA,31,JAKARTA TIMUR,72,8a8c107a4ac7fff
p013,Taman Mini Indonesia Indah,tourist attraction,DKI JAKARTA,31,JAKARTA TIMUR,72,8a8c107a4337fff
p013,Taman Mini Indonesia Indah,tourist attraction,DKI JAKARTA,31,JAKARTA TIMUR,72,8a8c107a5737fff
p013,Taman Mini Indonesia Indah,tourist attraction,DKI JAKARTA,31,JAKARTA TIMUR,72,8a8c107a4327fff
p013,Taman Mini Indonesia Indah,tourist attraction,DKI JAKARTA,31,JAKARTA TIMUR,72,8a8c107a425ffff
p013,Taman Mini Indonesia Indah,tourist attraction,DKI JAKARTA,31,JAKARTA TIMUR,72,8a8c107a5567fff
p013,Taman Mini Indonesia Indah,tourist attraction,DKI JAKARTA,31,JAKARTA TIMUR,72,8a8c107a542ffff
p013,Taman Mini Indonesia Indah,tourist attraction,DKI JAKARTA,31,JAKARTA TIMUR,72,8a8c107a5c97fff
p013,Taman Mini Indonesia Indah,tourist attraction,DKI JAKARTA,31,JAKARTA TIMUR,72,8a8c107a424ffff
p013,Taman Mini Indonesia Indah,tourist attraction,DKI JAKARTA,31,JAKARTA TIMUR,72,8a8c107a5097fff
p013,Taman Mini Indonesia Indah,tourist attraction,DKI JAKARTA,31,JAKARTA TIMUR,72,8a8c107a544ffff
p013,Taman Mini Indonesia Indah,tourist attraction,DKI JAKARTA,31,JAKARTA TIMUR,72,8a8c107a4ab7fff
p013,Taman Mini Indonesia Indah,tourist attraction,DKI JAKARTA,31,JAKARTA TIMUR,72,8a8c107a422ffff
p013,Taman Mini Indonesia Indah,tourist attraction,DKI JAKARTA,31,JAKARTA TIMUR,72,8a8c107a4af7fff
p013,Taman Mini Indonesia Indah,tourist attraction,DKI JAKARTA,31,JAKARTA TIMUR,72,8a8c107a4227fff
p013,Taman Mini Indonesia Indah,tourist attraction,DKI JAKARTA,31,JAKARTA TIMUR,72,8a8c107a4aeffff
p013,Taman Mini Indonesia Indah,tourist attraction,DKI JAKARTA,31,JAKARTA TIMUR,72,8a8c107a5d9ffff
p013,Taman Mini Indonesia Indah,tourist attraction,DKI JAKARTA,31,JAKARTA TIMUR,72,8a8c107a4247fff
p013,Taman Mini Indonesia Indah,tourist attraction,DKI JAKARTA,31,JAKARTA TIMUR,72,8a8c107a432ffff
p013,Taman Mini Indonesia Indah,tourist attraction,DKI JAKARTA,31,JAKARTA TIMUR,72,8a8c107a4367fff
p013,Taman Mini Indonesia Indah,tourist attraction,DKI JAKARTA,31,JAKARTA TIMUR,72,8a8c107a43affff
p013,Taman Mini Indonesia Indah,tourist attraction,DKI JAKARTA,31,JAKARTA TIMUR,72,8a8c107a420ffff
p013,Taman Mini Indonesia Indah,tourist attraction,DKI JAKARTA,31,JAKARTA TIMUR,72,8a8c107a509ffff
p013,Taman Mini Indonesia Indah,tourist attraction,DKI JAKARTA,31,JAKARTA TIMUR,72,8a8c107a5557fff
p013,Taman Mini Indonesia Indah,tourist attraction,DKI JAKARTA,31,JAKARTA TIMUR,72,8a8c107a5d8ffff
p013,Taman Mini Indonesia Indah,tourist attraction,DKI JAKARTA,31,JAKARTA TIMUR,72,8a8c107a5457fff
p013,Taman Mini Indonesia Indah,tourist attraction,DKI JAKARTA,31,JAKARTA TIMUR,72,8a8c107a4277fff
p013,Taman Mini Indonesia Indah,tourist attraction,DKI JAKARTA,31,JAKARTA TIMUR,72,8a8c107a4377fff
p013,Taman Mini Indonesia Indah,tourist attraction,DKI JAKARTA,31,JAKARTA TIMUR,72,8a8c107a4a8ffff
p013,Taman Mini Indonesia Indah,tourist attraction,DKI JAKARTA,31,JAKARTA TIMUR,72,8a8c107a546ffff
p013,Taman Mini Indonesia Indah,tourist attraction,DKI JAKARTA,31,JAKARTA TIMUR,72,8a8c107a5d87fff
p013,Taman Mini Indonesia Indah,tourist attraction,DKI JAKARTA,31,JAKARTA TIMUR,72,8a8c107a5187fff
p013,Taman Mini Indonesia Indah,tourist attraction,DKI JAKARTA,31,JAKARTA TIMUR,72,8a8c107a4aa7fff
p013,Taman Mini Indonesia Indah,tourist attraction,DKI JAKARTA,31,JAKARTA TIMUR,72,8a8c107a416ffff
p013,Taman Mini Indonesia Indah,tourist attraction,DKI JAKARTA,31,JAKARTA TIMUR,72,8a8c107a4357fff
p013,Taman Mini Indonesia Indah,tourist attraction,DKI JAKARTA,31,JAKARTA TIMUR,72,8a8c107a5c87fff
p013,Taman Mini Indonesia Indah,tourist attraction,DKI JAKARTA,31,JAKARTA TIMUR,72,8a8c107a400ffff
p013,Taman Mini Indonesia Indah,tourist attraction,DKI JAKARTA,31,JAKARTA TIMUR,72,8a8c107a426ffff
p013,Taman Mini Indonesia Indah,tourist attraction,DKI JAKARTA,31,JAKARTA TIMUR,72,8a8c107a4307fff
p013,Taman Mini Indonesia Indah,tourist attraction,DKI JAKARTA,31,JAKARTA TIMUR,72,8a8c107a4a9ffff
p013,Taman Mini Indonesia Indah,tourist attraction,DKI JAKARTA,31,JAKARTA TIMUR,72,8a8c107a5527fff
p013,Taman Mini Indonesia Indah,tourist attraction,DKI JAKARTA,31,JAKARTA TIMUR,72,8a8c107a430ffff
p013,Taman Mini Indonesia Indah,tourist attraction,DKI JAKARTA,31,JAKARTA TIMUR,72,8a8c107a5cb7fff
p013,Taman Mini Indonesia Indah,tourist attraction,DKI JAKARTA,31,JAKARTA TIMUR,72,8a8c107a415ffff
p013,Taman Mini Indonesia Indah,tourist attraction,DKI JAKARTA,31,JAKARTA TIMUR,72,8a8c107a5d97fff
p013,Taman Mini Indonesia Indah,tourist attraction,DKI JAKARTA,31,JAKARTA TIMUR,72,8a8c107a4b8ffff
p013,Taman Mini Indonesia Indah,tourist attraction,DKI JAKARTA,31,JAKARTA TIMUR,72,8a8c107a5447fff
p013,Taman Mini Indonesia Indah,tourist attraction,DKI JAKARTA,31,JAKARTA TIMUR,72,8a8c107a5cf7fff
p013,Taman Mini Indonesia Indah,tourist attraction,DKI JAKARTA,31,JAKARTA TIMUR,72,8a8c107a4387fff
p013,Taman Mini Indonesia Indah,tourist attraction,DKI JAKARTA,31,JAKARTA TIMUR,72,8a8c107a4067fff
p013,Taman Mini Indonesia Indah,tourist attraction,DKI JAKARTA,31,JAKARTA TIMUR,72,8a8c107a5c0ffff
p013,Taman Mini Indonesia Indah,tourist attraction,DKI JAKARTA,31,JAKARTA TIMUR,72,8a8c107a5c9ffff
p013,Taman Mini Indonesia Indah,tourist attraction,DKI JAKARTA,31,JAKARTA TIMUR,72,8a8c107a5547fff
p013,Taman Mini Indonesia Indah,tourist attraction,DKI JAKARTA,31,JAKARTA TIMUR,72,8a8c107a435ffff
p013,Taman Mini Indonesia Indah,tourist attraction,DKI JAKARTA,31,JAKARTA TIMUR,72,8a8c107a554ffff
p013,Taman Mini Indonesia Indah,tourist attraction,DKI JAKARTA,31,JAKARTA TIMUR,72,8a8c107a552ffff
p013,Taman Mini Indonesia Indah,tourist attraction,DKI JAKARTA,31,JAKARTA TIMUR,72,8a8c107a4157fff
p013,Taman Mini Indonesia Indah,tourist attraction,DKI JAKARTA,31,JAKARTA TIMUR,72,8a8c107a540ffff
p013,Taman Mini Indonesia Indah,tourist attraction,DKI JAKARTA,31,JAKARTA TIMUR,72,8a8c107a5ccffff
p013,Taman Mini Indonesia Indah,tourist attraction,DKI JAKARTA,31,JAKARTA TIMUR,72,8a8c107a5507fff
p013,Taman Mini Indonesia Indah,tourist attraction,DKI JAKARTA,31,JAKARTA TIMUR,72,8a8c107a4adffff
p013,Taman Mini Indonesia Indah,tourist attraction,DKI JAKARTA,31,JAKARTA TIMUR,72,8a8c107a4b9ffff
p013,Taman Mini Indonesia Indah,tourist attraction,DKI JAKARTA,31,JAKARTA TIMUR,72,8a8c107a5517fff
p013,Taman Mini Indonesia Indah,tourist attraction,DKI JAKARTA,31,JAKARTA TIMUR,72,8a8c107a402ffff
p013,Taman Mini Indonesia Indah,tourist attraction,DKI JAKARTA,31,JAKARTA TIMUR,72,8a8c107a55a7fff
p013,Taman Mini Indonesia Indah,tourist attraction,DKI JAKARTA,31,JAKARTA TIMUR,72,8a8c107a4ad7fff
p013,Taman Mini Indonesia Indah,tourist attraction,DKI JAKARTA,31,JAKARTA TIMUR,72,8a8c107a5c8ffff
p013,Taman Mini Indonesia Indah,tourist attraction,DKI JAKARTA,31,JAKARTA TIMUR,72,8a8c107a4a17fff
p013,Taman Mini Indonesia Indah,tourist attraction,DKI JAKARTA,31,JAKARTA TIMUR,72,8a8c107a4acffff
p013,Taman Mini Indonesia Indah,tourist attraction,DKI JAKARTA,31,JAKARTA TIMUR,72,8a8c107a406ffff
p013,Taman Mini Indonesia Indah,tourist attraction,DKI JAKARTA,31,JAKARTA TIMUR,72,8a8c107a4347fff
p013,Taman Mini Indonesia Indah,tourist attraction,DKI JAKARTA,31,JAKARTA TIMUR,72,8a8c107a4237fff
p013,Taman Mini Indonesia Indah,tourist attraction,DKI JAKARTA,31,JAKARTA TIMUR,72,8a8c107a4167fff
p013,Taman Mini Indonesia Indah,tourist attraction,DKI JAKARTA,31,JAKARTA TIMUR,72,8a8c107a5ceffff
p013,Taman Mini Indonesia Indah,tourist attraction,DKI JAKARTA,31,JAKARTA TIMUR,72,8a8c107a5cdffff
p013,Taman Mini Indonesia Indah,tourist attraction,DKI JAKARTA,31,JAKARTA TIMUR,72,8a8c107a5ce7fff
p013,Taman Mini Indonesia Indah,tourist attraction,DKI JAKARTA,31,JAKARTA TIMUR,72,8a8c107a4057fff
p013,Taman Mini Indonesia Indah,tourist attraction,DKI JAKARTA,31,JAKARTA TIMUR,72,8a8c107a405ffff
p013,Taman Mini Indonesia Indah,tourist attraction,DKI JAKARTA,31,JAKARTA TIMUR,72,8a8c107a4147fff
p013,Taman Mini Indonesia Indah,tourist attraction,DKI JAKARTA,31,JAKARTA TIMUR,72,8a8c107a519ffff
p013,Taman Mini Indonesia Indah,tourist attraction,DKI JAKARTA,31,JAKARTA TIMUR,72,8a8c107a5da7fff
p013,Taman Mini Indonesia Indah,tourist attraction,DKI JAKARTA,31,JAKARTA TIMUR,72,8a8c107a4ae7fff
p013,Taman Mini Indonesia Indah,tourist attraction,DKI JAKARTA,31,JAKARTA TIMUR,72,8a8c107a57affff
p013,Taman Mini Indonesia Indah,tourist attraction,DKI JAKARTA,31,JAKARTA TIMUR,72,8a8c107a5daffff
p013,Taman Mini Indonesia Indah,tourist attraction,DKI JAKARTA,31,JAKARTA TIMUR,72,8a8c107a555ffff
p013,Taman Mini Indonesia Indah,tourist attraction,DKI JAKARTA,31,JAKARTA TIMUR,72,8a8c107a5db7fff
p013,Taman Mini Indonesia Indah,tourist attraction,DKI JAKARTA,31,JAKARTA TIMUR,72,8a8c107a5407fff
p013,Taman Mini Indonesia Indah,tourist attraction,DKI JAKARTA,31,JAKARTA TIMUR,72,8a8c107a55affff
p013,Taman Mini Indonesia Indah,tourist attraction,DKI JAKARTA,31,JAKARTA TIMUR,72,8a8c107a5427fff
p013,Taman Mini Indonesia Indah,tourist attraction,DKI JAKARTA,31,JAKARTA TIMUR,72,8a8c107a5c37fff
p013,Taman Mini Indonesia Indah,tourist attraction,DKI JAKARTA,31,JAKARTA TIMUR,72,8a8c107a4047fff
p013,Taman Mini Indonesia Indah,tourist attraction,DKI JAKARTA,31,JAKARTA TIMUR,72,8a8c107a545ffff
p013,Taman Mini Indonesia Indah,tourist attraction,DKI JAKARTA,31,JAKARTA TIMUR,72,8a8c107a4a1ffff
p013,Taman Mini Indonesia Indah,tourist attraction,DKI JAKARTA,31,JAKARTA TIMUR,72,8a8c107a508ffff
p013,Taman Mini Indonesia Indah,tourist attraction,DKI JAKARTA,31,JAKARTA TIMUR,72,8a8c107a4217fff
p013,Taman Mini Indonesia Indah,tourist attraction,DKI JAKARTA,31,JAKARTA TIMUR,72,8a8c107a5727fff
p013,Taman Mini Indonesia Indah,tourist attraction,DKI JAKARTA,31,JAKARTA TIMUR,72,8a8c107a5c07fff
p013,Taman Mini Indonesia Indah,tourist attraction,DKI JAKARTA,31,JAKARTA TIMUR,72,8a8c107a4b87fff
p013,Taman Mini Indonesia Indah,tourist attraction,DKI JAKARTA,31,JAKARTA TIMUR,72,8a8c107a5707fff
p013,Taman Mini Indonesia Indah,tourist attraction,DKI JAKARTA,31,JAKARTA TIMUR,72,8a8c107a4b97fff
p013,Taman Mini Indonesia Indah,tourist attraction,DKI JAKARTA,31,JAKARTA TIMUR,72,8a8c107a438ffff
p014,Tebet Eco Park,park,DKI JAKARTA,31,JAKARTA SELATAN,71,8a8c10781cd7fff
p014,Tebet Eco Park,park,DKI JAKARTA,31,JAKARTA SELATAN,71,8a8c10781c8ffff
p014,Tebet Eco Park,park,DKI JAKARTA,31,JAKARTA SELATAN,71,8a8c10781cf7fff
p014,Tebet Eco Park,park,DKI JAKARTA,31,JAKARTA SELATAN,71,8a8c10781d5ffff
p014,Tebet Eco Park,park,DKI JAKARTA,31,JAKARTA SELATAN,71,8a8c10781d57fff
p014,Tebet Eco Park,park,DKI JAKARTA,31,JAKARTA SELATAN,71,8a8c10781c2ffff
p014,Tebet Eco Park,park,DKI JAKARTA,31,JAKARTA SELATAN,71,8a8c10781c0ffff
p014,Tebet Eco Park,park,DKI JAKARTA,31,JAKARTA SELATAN,71,8a8c10781ce7fff
p014,Tebet Eco Park,park,DKI JAKARTA,31,JAKARTA SELATAN,71,8a8c10781c77fff
p014,Tebet Eco Park,park,DKI JAKARTA,31,JAKARTA SELATAN,71,8a8c10781c1ffff
p014,Tebet Eco Park,park,DKI JAKARTA,31,JAKARTA SELATAN,71,8a8c10781c57fff
p014,Tebet Eco Park,park,DKI JAKARTA,31,JAKARTA SELATAN,71,8a8c10781527fff
